timestamp_utc,candidate_id,case_name,metric,baseline_us,candidate_us,speedup_x,notes
2026-06-02T08:47:39.720821+00:00,cand-0004-dispatch,helios__fp32__M8640N5120,median_us,82.957908,71.103568,1.166719x,metric_kind=wall_clock interleaved=1 baseline_mean_us=83.098 baseline_min_us=80.575 cand_mean_us=71.268 cand_std_us=1.173 cand_p10_us=70.029 cand_p90_us=72.518 cand_min_us=69.358 speedup_min_x=1.1617 warmup=25 iters=100 gpu_model=NVIDIA_B200 gpu_id=0 host=innomatrix-us-adc-smb200-0003 container=sglang_bbuf slug=b200_diffusion_norm_infer__multi_shape cand=cand-0004-dispatch
2026-06-02T08:47:39.742651+00:00,cand-0004-dispatch,helios__fp32__M8640N5120,median_us,79.680003,66.960003,1.189964x,metric_kind=kernel_event interleaved=1 baseline_mean_us=79.939 baseline_min_us=78.080 cand_mean_us=67.051 cand_std_us=1.011 cand_p10_us=65.824 cand_p90_us=68.064 cand_min_us=64.864 speedup_min_x=1.2037 warmup=25 iters=100 gpu_model=NVIDIA_B200 gpu_id=0 host=innomatrix-us-adc-smb200-0003 container=sglang_bbuf slug=b200_diffusion_norm_infer__multi_shape cand=cand-0004-dispatch
2026-06-02T08:47:39.775283+00:00,cand-0004-dispatch,rms__bf16__S648720D128,median_us,77.003497,78.243553,0.984151x,metric_kind=wall_clock interleaved=1 baseline_mean_us=77.050 baseline_min_us=75.267 cand_mean_us=78.462 cand_std_us=1.456 cand_p10_us=77.365 cand_p90_us=79.712 cand_min_us=76.644 speedup_min_x=0.9820 warmup=25 iters=100 gpu_model=NVIDIA_B200 gpu_id=0 host=innomatrix-us-adc-smb200-0003 container=sglang_bbuf slug=b200_diffusion_norm_infer__multi_shape cand=cand-0004-dispatch
2026-06-02T08:47:39.797103+00:00,cand-0004-dispatch,rms__bf16__S648720D128,median_us,73.935997,75.824000,0.975100x,metric_kind=kernel_event interleaved=1 baseline_mean_us=73.985 baseline_min_us=72.064 cand_mean_us=75.822 cand_std_us=1.063 cand_p10_us=74.400 cand_p90_us=76.928 cand_min_us=73.504 speedup_min_x=0.9804 warmup=25 iters=100 gpu_model=NVIDIA_B200 gpu_id=0 host=innomatrix-us-adc-smb200-0003 container=sglang_bbuf slug=b200_diffusion_norm_infer__multi_shape cand=cand-0004-dispatch
2026-06-02T08:47:39.809270+00:00,cand-0004-dispatch,rms__bf16__S1320D128,median_us,33.356366,20.374660,1.637150x,metric_kind=wall_clock interleaved=1 baseline_mean_us=33.572 baseline_min_us=32.141 cand_mean_us=20.434 cand_std_us=0.506 cand_p10_us=19.975 cand_p90_us=20.964 cand_min_us=19.199 speedup_min_x=1.6741 warmup=25 iters=100 gpu_model=NVIDIA_B200 gpu_id=0 host=innomatrix-us-adc-smb200-0003 container=sglang_bbuf slug=b200_diffusion_norm_infer__multi_shape cand=cand-0004-dispatch
2026-06-02T08:47:39.819805+00:00,cand-0004-dispatch,rms__bf16__S1320D128,median_us,34.768000,20.416001,1.702978x,metric_kind=kernel_event interleaved=1 baseline_mean_us=34.922 baseline_min_us=32.576 cand_mean_us=20.469 cand_std_us=0.635 cand_p10_us=19.808 cand_p90_us=21.088 cand_min_us=19.200 speedup_min_x=1.6967 warmup=25 iters=100 gpu_model=NVIDIA_B200 gpu_id=0 host=innomatrix-us-adc-smb200-0003 container=sglang_bbuf slug=b200_diffusion_norm_infer__multi_shape cand=cand-0004-dispatch
2026-06-02T08:47:39.839496+00:00,cand-0004-dispatch,rms__bf16__S650040D128,median_us,76.715020,78.466488,0.977679x,metric_kind=wall_clock interleaved=1 baseline_mean_us=76.834 baseline_min_us=74.580 cand_mean_us=78.528 cand_std_us=0.860 cand_p10_us=77.440 cand_p90_us=79.603 cand_min_us=76.723 speedup_min_x=0.9721 warmup=25 iters=100 gpu_model=NVIDIA_B200 gpu_id=0 host=innomatrix-us-adc-smb200-0003 container=sglang_bbuf slug=b200_diffusion_norm_infer__multi_shape cand=cand-0004-dispatch
2026-06-02T08:47:39.861361+00:00,cand-0004-dispatch,rms__bf16__S650040D128,median_us,74.111998,76.015998,0.974953x,metric_kind=kernel_event interleaved=1 baseline_mean_us=74.212 baseline_min_us=72.320 cand_mean_us=76.106 cand_std_us=1.134 cand_p10_us=74.784 cand_p90_us=77.440 cand_min_us=73.440 speedup_min_x=0.9847 warmup=25 iters=100 gpu_model=NVIDIA_B200 gpu_id=0 host=innomatrix-us-adc-smb200-0003 container=sglang_bbuf slug=b200_diffusion_norm_infer__multi_shape cand=cand-0004-dispatch
2026-06-02T08:47:39.869496+00:00,cand-0004-dispatch,rms__bf16__S16384D128,median_us,33.450080,21.878979,1.528868x,metric_kind=wall_clock interleaved=1 baseline_mean_us=33.633 baseline_min_us=32.277 cand_mean_us=21.995 cand_std_us=0.680 cand_p10_us=21.337 cand_p90_us=22.679 cand_min_us=20.606 speedup_min_x=1.5664 warmup=25 iters=100 gpu_model=NVIDIA_B200 gpu_id=0 host=innomatrix-us-adc-smb200-0003 container=sglang_bbuf slug=b200_diffusion_norm_infer__multi_shape cand=cand-0004-dispatch
2026-06-02T08:47:39.880157+00:00,cand-0004-dispatch,rms__bf16__S16384D128,median_us,34.960002,21.120001,1.655303x,metric_kind=kernel_event interleaved=1 baseline_mean_us=35.187 baseline_min_us=33.152 cand_mean_us=21.169 cand_std_us=0.684 cand_p10_us=20.448 cand_p90_us=22.016 cand_min_us=19.776 speedup_min_x=1.6764 warmup=25 iters=100 gpu_model=NVIDIA_B200 gpu_id=0 host=innomatrix-us-adc-smb200-0003 container=sglang_bbuf slug=b200_diffusion_norm_infer__multi_shape cand=cand-0004-dispatch
2026-06-02T08:47:39.888224+00:00,cand-0004-dispatch,rms__bf16__S4096D128,median_us,32.873941,20.162086,1.630483x,metric_kind=wall_clock interleaved=1 baseline_mean_us=33.021 baseline_min_us=31.427 cand_mean_us=20.232 cand_std_us=0.486 cand_p10_us=19.731 cand_p90_us=20.864 cand_min_us=19.103 speedup_min_x=1.6451 warmup=25 iters=100 gpu_model=NVIDIA_B200 gpu_id=0 host=innomatrix-us-adc-smb200-0003 container=sglang_bbuf slug=b200_diffusion_norm_infer__multi_shape cand=cand-0004-dispatch
2026-06-02T08:47:39.898778+00:00,cand-0004-dispatch,rms__bf16__S4096D128,median_us,34.912001,20.432000,1.708692x,metric_kind=kernel_event interleaved=1 baseline_mean_us=35.069 baseline_min_us=32.992 cand_mean_us=20.492 cand_std_us=0.849 cand_p10_us=19.680 cand_p90_us=21.152 cand_min_us=18.944 speedup_min_x=1.7416 warmup=25 iters=100 gpu_model=NVIDIA_B200 gpu_id=0 host=innomatrix-us-adc-smb200-0003 container=sglang_bbuf slug=b200_diffusion_norm_infer__multi_shape cand=cand-0004-dispatch
2026-06-02T08:47:39.898801+00:00,cand-0004-dispatch,production_geomean,geomean_speedup_x,,,1.288744x,metric_kind=wall_clock interleaved=1 n_shapes=6 gpu_model=NVIDIA_B200 gpu_id=0 host=innomatrix-us-adc-smb200-0003 container=sglang_bbuf slug=b200_diffusion_norm_infer__multi_shape cand=cand-0004-dispatch
2026-06-02T08:47:39.898812+00:00,cand-0004-dispatch,production_geomean,geomean_speedup_x,,,1.326537x,metric_kind=kernel_event interleaved=1 n_shapes=6 gpu_model=NVIDIA_B200 gpu_id=0 host=innomatrix-us-adc-smb200-0003 container=sglang_bbuf slug=b200_diffusion_norm_infer__multi_shape cand=cand-0004-dispatch
2026-06-02T09:49:56.362190+00:00,cand-0006-final,helios__fp32__M8640N5120,median_us,82.037644,70.462003,1.164282x,metric_kind=wall_clock interleaved=1 baseline_mean_us=82.558 baseline_std_us=3.143 baseline_min_us=80.327 baseline_p10_us=81.336 baseline_p90_us=83.267 cand_mean_us=70.647 cand_std_us=0.985 cand_p10_us=69.738 cand_p90_us=71.837 cand_min_us=68.424 speedup_min_x=1.1740 warmup=25 iters=100 gpu_model=NVIDIA_B200 gpu_id=0 host=innomatrix-us-adc-smb200-0003 container=sglang_bbuf slug=b200_diffusion_norm_infer__multi_shape cand=cand-0006-final
2026-06-02T09:49:56.383854+00:00,cand-0006-final,helios__fp32__M8640N5120,median_us,79.087999,66.079997,1.196852x,metric_kind=kernel_event interleaved=1 baseline_mean_us=79.183 baseline_std_us=1.095 baseline_min_us=76.992 baseline_p10_us=78.144 baseline_p90_us=80.256 cand_mean_us=66.342 cand_std_us=1.010 cand_p10_us=65.312 cand_p90_us=67.680 cand_min_us=64.256 speedup_min_x=1.1982 warmup=25 iters=100 gpu_model=NVIDIA_B200 gpu_id=0 host=innomatrix-us-adc-smb200-0003 container=sglang_bbuf slug=b200_diffusion_norm_infer__multi_shape cand=cand-0006-final
2026-06-02T09:49:56.505058+00:00,cand-0006-final,rms__bf16__S648720D128,median_us,75.717107,76.897093,0.984655x,metric_kind=wall_clock interleaved=1 baseline_mean_us=75.916 baseline_std_us=1.365 baseline_min_us=73.903 baseline_p10_us=74.658 baseline_p90_us=77.038 cand_mean_us=77.021 cand_std_us=1.124 cand_p10_us=75.925 cand_p90_us=78.499 cand_min_us=74.589 speedup_min_x=0.9908 warmup=25 iters=100 gpu_model=NVIDIA_B200 gpu_id=0 host=innomatrix-us-adc-smb200-0003 container=sglang_bbuf slug=b200_diffusion_norm_infer__multi_shape cand=cand-0006-final
2026-06-02T09:49:56.526575+00:00,cand-0006-final,rms__bf16__S648720D128,median_us,72.432000,74.191999,0.976278x,metric_kind=kernel_event interleaved=1 baseline_mean_us=72.666 baseline_std_us=1.389 baseline_min_us=70.464 baseline_p10_us=71.360 baseline_p90_us=73.984 cand_mean_us=74.328 cand_std_us=1.233 cand_p10_us=72.928 cand_p90_us=75.744 cand_min_us=71.168 speedup_min_x=0.9901 warmup=25 iters=100 gpu_model=NVIDIA_B200 gpu_id=0 host=innomatrix-us-adc-smb200-0003 container=sglang_bbuf slug=b200_diffusion_norm_infer__multi_shape cand=cand-0006-final
2026-06-02T09:49:56.608120+00:00,cand-0006-final,rms__bf16__S1320D128,median_us,31.083939,19.186526,1.620092x,metric_kind=wall_clock interleaved=1 baseline_mean_us=31.322 baseline_std_us=1.032 baseline_min_us=30.009 baseline_p10_us=30.484 baseline_p90_us=32.168 cand_mean_us=19.337 cand_std_us=0.983 cand_p10_us=18.641 cand_p90_us=19.922 cand_min_us=18.132 speedup_min_x=1.6550 warmup=25 iters=100 gpu_model=NVIDIA_B200 gpu_id=0 host=innomatrix-us-adc-smb200-0003 container=sglang_bbuf slug=b200_diffusion_norm_infer__multi_shape cand=cand-0006-final
2026-06-02T09:49:56.618269+00:00,cand-0006-final,rms__bf16__S1320D128,median_us,32.800000,19.247999,1.704073x,metric_kind=kernel_event interleaved=1 baseline_mean_us=32.811 baseline_std_us=0.952 baseline_min_us=31.136 baseline_p10_us=31.648 baseline_p90_us=34.048 cand_mean_us=19.276 cand_std_us=0.714 cand_p10_us=18.592 cand_p90_us=19.904 cand_min_us=17.568 speedup_min_x=1.7723 warmup=25 iters=100 gpu_model=NVIDIA_B200 gpu_id=0 host=innomatrix-us-adc-smb200-0003 container=sglang_bbuf slug=b200_diffusion_norm_infer__multi_shape cand=cand-0006-final
2026-06-02T09:49:56.715252+00:00,cand-0006-final,rms__bf16__S650040D128,median_us,75.240969,76.834578,0.979259x,metric_kind=wall_clock interleaved=1 baseline_mean_us=76.112 baseline_std_us=6.713 baseline_min_us=72.981 baseline_p10_us=74.343 baseline_p90_us=76.714 cand_mean_us=76.972 cand_std_us=1.031 cand_p10_us=75.781 cand_p90_us=78.230 cand_min_us=75.199 speedup_min_x=0.9705 warmup=25 iters=100 gpu_model=NVIDIA_B200 gpu_id=0 host=innomatrix-us-adc-smb200-0003 container=sglang_bbuf slug=b200_diffusion_norm_infer__multi_shape cand=cand-0006-final
2026-06-02T09:49:56.736718+00:00,cand-0006-final,rms__bf16__S650040D128,median_us,72.287999,74.031997,0.976443x,metric_kind=kernel_event interleaved=1 baseline_mean_us=72.429 baseline_std_us=1.300 baseline_min_us=70.112 baseline_p10_us=71.072 baseline_p90_us=73.728 cand_mean_us=74.176 cand_std_us=0.910 cand_p10_us=73.088 cand_p90_us=75.488 cand_min_us=71.968 speedup_min_x=0.9742 warmup=25 iters=100 gpu_model=NVIDIA_B200 gpu_id=0 host=innomatrix-us-adc-smb200-0003 container=sglang_bbuf slug=b200_diffusion_norm_infer__multi_shape cand=cand-0006-final
2026-06-02T09:49:56.822859+00:00,cand-0006-final,rms__bf16__S16384D128,median_us,31.446456,21.371525,1.471418x,metric_kind=wall_clock interleaved=1 baseline_mean_us=32.326 baseline_std_us=5.092 baseline_min_us=29.924 baseline_p10_us=30.592 baseline_p90_us=32.824 cand_mean_us=21.477 cand_std_us=0.526 cand_p10_us=21.004 cand_p90_us=21.845 cand_min_us=20.438 speedup_min_x=1.4641 warmup=25 iters=100 gpu_model=NVIDIA_B200 gpu_id=0 host=innomatrix-us-adc-smb200-0003 container=sglang_bbuf slug=b200_diffusion_norm_infer__multi_shape cand=cand-0006-final
2026-06-02T09:49:56.833020+00:00,cand-0006-final,rms__bf16__S16384D128,median_us,32.416001,19.487999,1.663383x,metric_kind=kernel_event interleaved=1 baseline_mean_us=32.512 baseline_std_us=1.055 baseline_min_us=30.560 baseline_p10_us=31.424 baseline_p90_us=33.408 cand_mean_us=19.604 cand_std_us=0.961 cand_p10_us=18.752 cand_p90_us=20.224 cand_min_us=18.080 speedup_min_x=1.6903 warmup=25 iters=100 gpu_model=NVIDIA_B200 gpu_id=0 host=innomatrix-us-adc-smb200-0003 container=sglang_bbuf slug=b200_diffusion_norm_infer__multi_shape cand=cand-0006-final
2026-06-02T09:49:56.912624+00:00,cand-0006-final,rms__bf16__S4096D128,median_us,30.722003,19.279541,1.593503x,metric_kind=wall_clock interleaved=1 baseline_mean_us=31.541 baseline_std_us=4.901 baseline_min_us=29.368 baseline_p10_us=29.894 baseline_p90_us=31.951 cand_mean_us=19.437 cand_std_us=0.744 cand_p10_us=18.958 cand_p90_us=19.832 cand_min_us=18.710 speedup_min_x=1.5697 warmup=25 iters=100 gpu_model=NVIDIA_B200 gpu_id=0 host=innomatrix-us-adc-smb200-0003 container=sglang_bbuf slug=b200_diffusion_norm_infer__multi_shape cand=cand-0006-final
2026-06-02T09:49:56.922875+00:00,cand-0006-final,rms__bf16__S4096D128,median_us,33.008000,19.440000,1.697942x,metric_kind=kernel_event interleaved=1 baseline_mean_us=33.140 baseline_std_us=1.108 baseline_min_us=30.912 baseline_p10_us=31.968 baseline_p90_us=34.464 cand_mean_us=19.474 cand_std_us=0.901 cand_p10_us=18.656 cand_p90_us=20.032 cand_min_us=18.080 speedup_min_x=1.7097 warmup=25 iters=100 gpu_model=NVIDIA_B200 gpu_id=0 host=innomatrix-us-adc-smb200-0003 container=sglang_bbuf slug=b200_diffusion_norm_infer__multi_shape cand=cand-0006-final
2026-06-02T09:49:56.922899+00:00,cand-0006-final,production_geomean,geomean_speedup_x,,,1.273439x,metric_kind=wall_clock interleaved=1 n_shapes=6 gpu_model=NVIDIA_B200 gpu_id=0 host=innomatrix-us-adc-smb200-0003 container=sglang_bbuf slug=b200_diffusion_norm_infer__multi_shape cand=cand-0006-final
2026-06-02T09:49:56.922910+00:00,cand-0006-final,production_geomean,geomean_speedup_x,,,1.328242x,metric_kind=kernel_event interleaved=1 n_shapes=6 gpu_model=NVIDIA_B200 gpu_id=0 host=innomatrix-us-adc-smb200-0003 container=sglang_bbuf slug=b200_diffusion_norm_infer__multi_shape cand=cand-0006-final
2026-06-04T11:00:43.047155+00:00,cand-0007-rebaseline,helios__fp32__M8640N5120,median_us,93.342038,77.688950,1.201484x,metric_kind=wall_clock interleaved=1 baseline_mean_us=94.197 baseline_std_us=3.673 baseline_min_us=91.144 baseline_p10_us=92.248 baseline_p90_us=96.111 cand_mean_us=78.098 cand_std_us=1.873 cand_p10_us=76.564 cand_p90_us=79.704 cand_min_us=76.025 speedup_min_x=1.1989 warmup=25 iters=100 gpu_model=NVIDIA_B200 gpu_id=1 host=innomatrix-us-adc-smb200-0003 container=sglang_bbuf slug=b200_diffusion_norm_infer__multi_shape cand=cand-0007-rebaseline
2026-06-04T11:00:43.072221+00:00,cand-0007-rebaseline,helios__fp32__M8640N5120,median_us,91.280002,74.384000,1.227146x,metric_kind=kernel_event interleaved=1 baseline_mean_us=91.565 baseline_std_us=1.775 baseline_min_us=88.832 baseline_p10_us=89.824 baseline_p90_us=93.568 cand_mean_us=74.797 cand_std_us=2.003 cand_p10_us=72.992 cand_p90_us=77.120 cand_min_us=71.616 speedup_min_x=1.2404 warmup=25 iters=100 gpu_model=NVIDIA_B200 gpu_id=1 host=innomatrix-us-adc-smb200-0003 container=sglang_bbuf slug=b200_diffusion_norm_infer__multi_shape cand=cand-0007-rebaseline
2026-06-04T11:00:43.113515+00:00,cand-0007-rebaseline,rms__bf16__S648720D128,median_us,88.696019,90.897083,0.975785x,metric_kind=wall_clock interleaved=1 baseline_mean_us=89.329 baseline_std_us=2.321 baseline_min_us=86.440 baseline_p10_us=87.541 baseline_p90_us=91.685 cand_mean_us=91.518 cand_std_us=2.480 cand_p10_us=89.436 cand_p90_us=94.254 cand_min_us=87.791 speedup_min_x=0.9846 warmup=25 iters=100 gpu_model=NVIDIA_B200 gpu_id=1 host=innomatrix-us-adc-smb200-0003 container=sglang_bbuf slug=b200_diffusion_norm_infer__multi_shape cand=cand-0007-rebaseline
2026-06-04T11:00:43.139426+00:00,cand-0007-rebaseline,rms__bf16__S648720D128,median_us,86.703997,89.839999,0.965093x,metric_kind=kernel_event interleaved=1 baseline_mean_us=87.170 baseline_std_us=2.314 baseline_min_us=83.872 baseline_p10_us=84.928 baseline_p90_us=89.792 cand_mean_us=90.052 cand_std_us=1.861 cand_p10_us=88.064 cand_p90_us=92.704 cand_min_us=87.008 speedup_min_x=0.9640 warmup=25 iters=100 gpu_model=NVIDIA_B200 gpu_id=1 host=innomatrix-us-adc-smb200-0003 container=sglang_bbuf slug=b200_diffusion_norm_infer__multi_shape cand=cand-0007-rebaseline
2026-06-04T11:00:43.158775+00:00,cand-0007-rebaseline,rms__bf16__S1320D128,median_us,52.759424,31.500007,1.674902x,metric_kind=wall_clock interleaved=1 baseline_mean_us=53.132 baseline_std_us=2.103 baseline_min_us=49.805 baseline_p10_us=50.892 baseline_p90_us=56.072 cand_mean_us=31.946 cand_std_us=2.282 cand_p10_us=30.392 cand_p90_us=33.133 cand_min_us=29.742 speedup_min_x=1.6746 warmup=25 iters=100 gpu_model=NVIDIA_B200 gpu_id=1 host=innomatrix-us-adc-smb200-0003 container=sglang_bbuf slug=b200_diffusion_norm_infer__multi_shape cand=cand-0007-rebaseline
2026-06-04T11:00:43.174594+00:00,cand-0007-rebaseline,rms__bf16__S1320D128,median_us,55.968001,32.639999,1.714706x,metric_kind=kernel_event interleaved=1 baseline_mean_us=56.444 baseline_std_us=2.233 baseline_min_us=53.920 baseline_p10_us=54.400 baseline_p90_us=58.336 cand_mean_us=32.902 cand_std_us=2.031 cand_p10_us=31.488 cand_p90_us=34.112 cand_min_us=30.592 speedup_min_x=1.7626 warmup=25 iters=100 gpu_model=NVIDIA_B200 gpu_id=1 host=innomatrix-us-adc-smb200-0003 container=sglang_bbuf slug=b200_diffusion_norm_infer__multi_shape cand=cand-0007-rebaseline
2026-06-04T11:00:43.197856+00:00,cand-0007-rebaseline,rms__bf16__S650040D128,median_us,88.062487,90.455520,0.973545x,metric_kind=wall_clock interleaved=1 baseline_mean_us=88.763 baseline_std_us=2.531 baseline_min_us=85.582 baseline_p10_us=86.855 baseline_p90_us=91.315 cand_mean_us=91.108 cand_std_us=2.235 cand_p10_us=89.216 cand_p90_us=93.893 cand_min_us=88.590 speedup_min_x=0.9660 warmup=25 iters=100 gpu_model=NVIDIA_B200 gpu_id=1 host=innomatrix-us-adc-smb200-0003 container=sglang_bbuf slug=b200_diffusion_norm_infer__multi_shape cand=cand-0007-rebaseline
2026-06-04T11:00:43.223798+00:00,cand-0007-rebaseline,rms__bf16__S650040D128,median_us,86.544003,89.679997,0.965031x,metric_kind=kernel_event interleaved=1 baseline_mean_us=86.955 baseline_std_us=2.162 baseline_min_us=84.032 baseline_p10_us=85.184 baseline_p90_us=89.184 cand_mean_us=90.349 cand_std_us=2.353 cand_p10_us=88.256 cand_p90_us=93.280 cand_min_us=86.880 speedup_min_x=0.9672 warmup=25 iters=100 gpu_model=NVIDIA_B200 gpu_id=1 host=innomatrix-us-adc-smb200-0003 container=sglang_bbuf slug=b200_diffusion_norm_infer__multi_shape cand=cand-0007-rebaseline
2026-06-04T11:00:43.236615+00:00,cand-0007-rebaseline,rms__bf16__S16384D128,median_us,52.831019,32.093376,1.646166x,metric_kind=wall_clock interleaved=1 baseline_mean_us=53.416 baseline_std_us=3.175 baseline_min_us=49.216 baseline_p10_us=50.882 baseline_p90_us=56.103 cand_mean_us=32.387 cand_std_us=1.806 cand_p10_us=30.656 cand_p90_us=33.846 cand_min_us=29.889 speedup_min_x=1.6466 warmup=25 iters=100 gpu_model=NVIDIA_B200 gpu_id=1 host=innomatrix-us-adc-smb200-0003 container=sglang_bbuf slug=b200_diffusion_norm_infer__multi_shape cand=cand-0007-rebaseline
2026-06-04T11:00:43.252812+00:00,cand-0007-rebaseline,rms__bf16__S16384D128,median_us,56.432001,33.055998,1.707164x,metric_kind=kernel_event interleaved=1 baseline_mean_us=57.935 baseline_std_us=5.666 baseline_min_us=53.152 baseline_p10_us=54.720 baseline_p90_us=64.096 cand_mean_us=33.559 cand_std_us=2.205 cand_p10_us=31.840 cand_p90_us=35.232 cand_min_us=31.392 speedup_min_x=1.6932 warmup=25 iters=100 gpu_model=NVIDIA_B200 gpu_id=1 host=innomatrix-us-adc-smb200-0003 container=sglang_bbuf slug=b200_diffusion_norm_infer__multi_shape cand=cand-0007-rebaseline
2026-06-04T11:00:43.266010+00:00,cand-0007-rebaseline,rms__bf16__S4096D128,median_us,52.783056,31.658099,1.667284x,metric_kind=wall_clock interleaved=1 baseline_mean_us=53.644 baseline_std_us=3.322 baseline_min_us=50.124 baseline_p10_us=50.899 baseline_p90_us=57.303 cand_mean_us=32.245 cand_std_us=2.323 cand_p10_us=30.675 cand_p90_us=33.674 cand_min_us=30.030 speedup_min_x=1.6691 warmup=25 iters=100 gpu_model=NVIDIA_B200 gpu_id=1 host=innomatrix-us-adc-smb200-0003 container=sglang_bbuf slug=b200_diffusion_norm_infer__multi_shape cand=cand-0007-rebaseline
2026-06-04T11:00:43.281846+00:00,cand-0007-rebaseline,rms__bf16__S4096D128,median_us,55.615999,32.352000,1.719090x,metric_kind=kernel_event interleaved=1 baseline_mean_us=56.485 baseline_std_us=3.308 baseline_min_us=52.768 baseline_p10_us=53.792 baseline_p90_us=58.848 cand_mean_us=32.657 cand_std_us=1.602 cand_p10_us=31.392 cand_p90_us=33.568 cand_min_us=30.848 speedup_min_x=1.7106 warmup=25 iters=100 gpu_model=NVIDIA_B200 gpu_id=1 host=innomatrix-us-adc-smb200-0003 container=sglang_bbuf slug=b200_diffusion_norm_infer__multi_shape cand=cand-0007-rebaseline
2026-06-04T11:00:43.281888+00:00,cand-0007-rebaseline,production_geomean,geomean_speedup_x,,,1.318207x,metric_kind=wall_clock interleaved=1 n_shapes=6 gpu_model=NVIDIA_B200 gpu_id=1 host=innomatrix-us-adc-smb200-0003 container=sglang_bbuf slug=b200_diffusion_norm_infer__multi_shape cand=cand-0007-rebaseline
2026-06-04T11:00:43.281907+00:00,cand-0007-rebaseline,production_geomean,geomean_speedup_x,,,1.338531x,metric_kind=kernel_event interleaved=1 n_shapes=6 gpu_model=NVIDIA_B200 gpu_id=1 host=innomatrix-us-adc-smb200-0003 container=sglang_bbuf slug=b200_diffusion_norm_infer__multi_shape cand=cand-0007-rebaseline
2026-06-04T11:05:09.925598+00:00,baseline-parity-r2,helios__fp32__M8640N5120,median_us,88.432571,88.329427,1.001168x,metric_kind=wall_clock interleaved=1 parity=bitwise_equal baseline=installed_sglang candidate=pinned_baseline_copy installed_mean_us=88.823 installed_std_us=1.800 pinned_mean_us=88.905 pinned_std_us=2.203 pinned_p10_us=87.417 pinned_p90_us=90.451 warmup=25 iters=100 gpu_model=NVIDIA_B200 gpu_id=1 host=innomatrix-us-adc-smb200-0003 container=sglang_bbuf sglang_commit=edb1b3f8f pinned_commit=edb1b3f8f slug=b200_diffusion_norm_infer__multi_shape cand=baseline-parity-r2
2026-06-04T11:05:09.925634+00:00,baseline-parity-r2,helios__fp32__M8640N5120,median_us,85.296001,84.416002,1.010425x,metric_kind=kernel_event interleaved=1 parity=bitwise_equal baseline=installed_sglang candidate=pinned_baseline_copy installed_mean_us=85.651 installed_std_us=1.914 pinned_mean_us=84.623 pinned_std_us=1.570 pinned_p10_us=83.168 pinned_p90_us=86.432 warmup=25 iters=100 gpu_model=NVIDIA_B200 gpu_id=1 host=innomatrix-us-adc-smb200-0003 container=sglang_bbuf sglang_commit=edb1b3f8f pinned_commit=edb1b3f8f slug=b200_diffusion_norm_infer__multi_shape cand=baseline-parity-r2
2026-06-04T11:05:09.925653+00:00,baseline-parity-r2,rms__bf16__S648720D128,median_us,89.058070,85.094944,1.046573x,metric_kind=wall_clock interleaved=1 parity=bitwise_equal baseline=installed_sglang candidate=pinned_baseline_copy installed_mean_us=89.506 installed_std_us=1.883 pinned_mean_us=85.535 pinned_std_us=3.098 pinned_p10_us=83.237 pinned_p90_us=87.380 warmup=25 iters=100 gpu_model=NVIDIA_B200 gpu_id=1 host=innomatrix-us-adc-smb200-0003 container=sglang_bbuf sglang_commit=edb1b3f8f pinned_commit=edb1b3f8f slug=b200_diffusion_norm_infer__multi_shape cand=baseline-parity-r2
2026-06-04T11:05:09.925670+00:00,baseline-parity-r2,rms__bf16__S648720D128,median_us,86.975999,81.967998,1.061097x,metric_kind=kernel_event interleaved=1 parity=bitwise_equal baseline=installed_sglang candidate=pinned_baseline_copy installed_mean_us=87.458 installed_std_us=1.911 pinned_mean_us=82.183 pinned_std_us=1.578 pinned_p10_us=80.352 pinned_p90_us=83.648 warmup=25 iters=100 gpu_model=NVIDIA_B200 gpu_id=1 host=innomatrix-us-adc-smb200-0003 container=sglang_bbuf sglang_commit=edb1b3f8f pinned_commit=edb1b3f8f slug=b200_diffusion_norm_infer__multi_shape cand=baseline-parity-r2
2026-06-04T11:05:09.925685+00:00,baseline-parity-r2,rms__bf16__S1320D128,median_us,47.393027,41.189371,1.150613x,metric_kind=wall_clock interleaved=1 parity=bitwise_equal baseline=installed_sglang candidate=pinned_baseline_copy installed_mean_us=49.014 installed_std_us=9.777 pinned_mean_us=41.745 pinned_std_us=2.057 pinned_p10_us=39.799 pinned_p90_us=43.979 warmup=25 iters=100 gpu_model=NVIDIA_B200 gpu_id=1 host=innomatrix-us-adc-smb200-0003 container=sglang_bbuf sglang_commit=edb1b3f8f pinned_commit=edb1b3f8f slug=b200_diffusion_norm_infer__multi_shape cand=baseline-parity-r2
2026-06-04T11:05:09.925701+00:00,baseline-parity-r2,rms__bf16__S1320D128,median_us,51.136000,44.192001,1.157132x,metric_kind=kernel_event interleaved=1 parity=bitwise_equal baseline=installed_sglang candidate=pinned_baseline_copy installed_mean_us=51.722 installed_std_us=2.507 pinned_mean_us=44.518 pinned_std_us=1.877 pinned_p10_us=42.592 pinned_p90_us=46.784 warmup=25 iters=100 gpu_model=NVIDIA_B200 gpu_id=1 host=innomatrix-us-adc-smb200-0003 container=sglang_bbuf sglang_commit=edb1b3f8f pinned_commit=edb1b3f8f slug=b200_diffusion_norm_infer__multi_shape cand=baseline-parity-r2
2026-06-04T11:05:09.925717+00:00,baseline-parity-r2,rms__bf16__S650040D128,median_us,89.125009,84.618572,1.053256x,metric_kind=wall_clock interleaved=1 parity=bitwise_equal baseline=installed_sglang candidate=pinned_baseline_copy installed_mean_us=89.446 installed_std_us=2.187 pinned_mean_us=85.329 pinned_std_us=2.585 pinned_p10_us=83.312 pinned_p90_us=87.817 warmup=25 iters=100 gpu_model=NVIDIA_B200 gpu_id=1 host=innomatrix-us-adc-smb200-0003 container=sglang_bbuf sglang_commit=edb1b3f8f pinned_commit=edb1b3f8f slug=b200_diffusion_norm_infer__multi_shape cand=baseline-parity-r2
2026-06-04T11:05:09.925732+00:00,baseline-parity-r2,rms__bf16__S650040D128,median_us,87.168001,82.192000,1.060541x,metric_kind=kernel_event interleaved=1 parity=bitwise_equal baseline=installed_sglang candidate=pinned_baseline_copy installed_mean_us=87.634 installed_std_us=2.128 pinned_mean_us=82.245 pinned_std_us=1.666 pinned_p10_us=80.320 pinned_p90_us=84.384 warmup=25 iters=100 gpu_model=NVIDIA_B200 gpu_id=1 host=innomatrix-us-adc-smb200-0003 container=sglang_bbuf sglang_commit=edb1b3f8f pinned_commit=edb1b3f8f slug=b200_diffusion_norm_infer__multi_shape cand=baseline-parity-r2
2026-06-04T11:05:09.925747+00:00,baseline-parity-r2,rms__bf16__S16384D128,median_us,46.746456,41.120918,1.136805x,metric_kind=wall_clock interleaved=1 parity=bitwise_equal baseline=installed_sglang candidate=pinned_baseline_copy installed_mean_us=47.597 installed_std_us=3.266 pinned_mean_us=42.083 pinned_std_us=3.187 pinned_p10_us=39.966 pinned_p90_us=43.989 warmup=25 iters=100 gpu_model=NVIDIA_B200 gpu_id=1 host=innomatrix-us-adc-smb200-0003 container=sglang_bbuf sglang_commit=edb1b3f8f pinned_commit=edb1b3f8f slug=b200_diffusion_norm_infer__multi_shape cand=baseline-parity-r2
2026-06-04T11:05:09.925763+00:00,baseline-parity-r2,rms__bf16__S16384D128,median_us,51.488001,44.799998,1.149286x,metric_kind=kernel_event interleaved=1 parity=bitwise_equal baseline=installed_sglang candidate=pinned_baseline_copy installed_mean_us=52.500 installed_std_us=3.740 pinned_mean_us=45.759 pinned_std_us=4.151 pinned_p10_us=43.040 pinned_p90_us=47.648 warmup=25 iters=100 gpu_model=NVIDIA_B200 gpu_id=1 host=innomatrix-us-adc-smb200-0003 container=sglang_bbuf sglang_commit=edb1b3f8f pinned_commit=edb1b3f8f slug=b200_diffusion_norm_infer__multi_shape cand=baseline-parity-r2
2026-06-04T11:05:09.925778+00:00,baseline-parity-r2,rms__bf16__S4096D128,median_us,47.148555,41.238498,1.143314x,metric_kind=wall_clock interleaved=1 parity=bitwise_equal baseline=installed_sglang candidate=pinned_baseline_copy installed_mean_us=48.172 installed_std_us=3.250 pinned_mean_us=42.080 pinned_std_us=3.247 pinned_p10_us=39.793 pinned_p90_us=44.545 warmup=25 iters=100 gpu_model=NVIDIA_B200 gpu_id=1 host=innomatrix-us-adc-smb200-0003 container=sglang_bbuf sglang_commit=edb1b3f8f pinned_commit=edb1b3f8f slug=b200_diffusion_norm_infer__multi_shape cand=baseline-parity-r2
2026-06-04T11:05:09.925793+00:00,baseline-parity-r2,rms__bf16__S4096D128,median_us,51.312000,44.351999,1.156926x,metric_kind=kernel_event interleaved=1 parity=bitwise_equal baseline=installed_sglang candidate=pinned_baseline_copy installed_mean_us=51.970 installed_std_us=3.184 pinned_mean_us=45.007 pinned_std_us=2.629 pinned_p10_us=42.976 pinned_p90_us=47.904 warmup=25 iters=100 gpu_model=NVIDIA_B200 gpu_id=1 host=innomatrix-us-adc-smb200-0003 container=sglang_bbuf sglang_commit=edb1b3f8f pinned_commit=edb1b3f8f slug=b200_diffusion_norm_infer__multi_shape cand=baseline-parity-r2
2026-06-04T11:18:39.906625+00:00,cand-0008-tile-r16-plain,rms__bf16__S648720D128,median_us,84.667001,113.311573,0.747263x,metric_kind=wall_clock interleaved=1 baseline=pinned_baseline_copy candidate=tiled_rms rows_per_cta=16 scheduling=0 bootstrap_ci95_lo=0.7440 bootstrap_ci95_hi=0.7497 resamples=2000 baseline_mean_us=85.404 baseline_std_us=2.899 cand_mean_us=113.657 cand_std_us=1.398 cand_p10_us=112.602 cand_p90_us=114.834 cand_min_us=112.081 warmup=25 iters=100 gpu_model=NVIDIA_B200 gpu_id=1 host=innomatrix-us-adc-smb200-0003 container=sglang_bbuf sglang_commit=unset source_hash=15d82f7d2c52afda slug=b200_diffusion_norm_infer__multi_shape cand=cand-0008-tile-r16-plain
2026-06-04T11:18:39.906671+00:00,cand-0008-tile-r16-plain,rms__bf16__S648720D128,median_us,83.520003,109.423999,0.763158x,metric_kind=kernel_event interleaved=1 baseline=pinned_baseline_copy candidate=tiled_rms rows_per_cta=16 scheduling=0 bootstrap_ci95_lo=0.7606 bootstrap_ci95_hi=0.7661 resamples=2000 baseline_mean_us=84.298 baseline_std_us=3.339 cand_mean_us=109.611 cand_std_us=1.319 cand_p10_us=108.320 cand_p90_us=110.912 cand_min_us=107.424 warmup=25 iters=100 gpu_model=NVIDIA_B200 gpu_id=1 host=innomatrix-us-adc-smb200-0003 container=sglang_bbuf sglang_commit=unset source_hash=15d82f7d2c52afda slug=b200_diffusion_norm_infer__multi_shape cand=cand-0008-tile-r16-plain
2026-06-04T11:18:39.906694+00:00,cand-0008-tile-r16-plain,rms__bf16__S650040D128,median_us,86.413464,113.466522,0.761679x,metric_kind=wall_clock interleaved=1 baseline=pinned_baseline_copy candidate=tiled_rms rows_per_cta=16 scheduling=0 bootstrap_ci95_lo=0.7591 bootstrap_ci95_hi=0.7641 resamples=2000 baseline_mean_us=87.020 baseline_std_us=2.704 cand_mean_us=113.686 cand_std_us=1.150 cand_p10_us=112.717 cand_p90_us=114.934 cand_min_us=112.081 warmup=25 iters=100 gpu_model=NVIDIA_B200 gpu_id=1 host=innomatrix-us-adc-smb200-0003 container=sglang_bbuf sglang_commit=unset source_hash=15d82f7d2c52afda slug=b200_diffusion_norm_infer__multi_shape cand=cand-0008-tile-r16-plain
2026-06-04T11:18:39.906713+00:00,cand-0008-tile-r16-plain,rms__bf16__S650040D128,median_us,84.655996,109.728001,0.771429x,metric_kind=kernel_event interleaved=1 baseline=pinned_baseline_copy candidate=tiled_rms rows_per_cta=16 scheduling=0 bootstrap_ci95_lo=0.7667 bootstrap_ci95_hi=0.7744 resamples=2000 baseline_mean_us=85.602 baseline_std_us=3.520 cand_mean_us=109.972 cand_std_us=1.493 cand_p10_us=108.704 cand_p90_us=110.912 cand_min_us=108.064 warmup=25 iters=100 gpu_model=NVIDIA_B200 gpu_id=1 host=innomatrix-us-adc-smb200-0003 container=sglang_bbuf sglang_commit=unset source_hash=15d82f7d2c52afda slug=b200_diffusion_norm_infer__multi_shape cand=cand-0008-tile-r16-plain
2026-06-04T11:19:33.906266+00:00,cand-0009-tile-r16-persistent,rms__bf16__S648720D128,median_us,85.139647,88.675180,0.960358x,metric_kind=wall_clock interleaved=1 baseline=pinned_baseline_copy candidate=tiled_rms rows_per_cta=16 scheduling=1 bootstrap_ci95_lo=0.9543 bootstrap_ci95_hi=0.9667 resamples=2000 baseline_mean_us=86.217 baseline_std_us=3.401 cand_mean_us=89.379 cand_std_us=2.282 cand_p10_us=87.454 cand_p90_us=92.223 cand_min_us=86.638 warmup=25 iters=100 gpu_model=NVIDIA_B200 gpu_id=1 host=innomatrix-us-adc-smb200-0003 container=sglang_bbuf sglang_commit=unset source_hash=15d82f7d2c52afda slug=b200_diffusion_norm_infer__multi_shape cand=cand-0009-tile-r16-persistent
2026-06-04T11:19:33.906312+00:00,cand-0009-tile-r16-persistent,rms__bf16__S648720D128,median_us,83.536003,84.512003,0.988641x,metric_kind=kernel_event interleaved=1 baseline=pinned_baseline_copy candidate=tiled_rms rows_per_cta=16 scheduling=1 bootstrap_ci95_lo=0.9830 bootstrap_ci95_hi=0.9921 resamples=2000 baseline_mean_us=84.206 baseline_std_us=3.183 cand_mean_us=84.731 cand_std_us=1.536 cand_p10_us=83.168 cand_p90_us=86.592 cand_min_us=82.432 warmup=25 iters=100 gpu_model=NVIDIA_B200 gpu_id=1 host=innomatrix-us-adc-smb200-0003 container=sglang_bbuf sglang_commit=unset source_hash=15d82f7d2c52afda slug=b200_diffusion_norm_infer__multi_shape cand=cand-0009-tile-r16-persistent
2026-06-04T11:19:33.906335+00:00,cand-0009-tile-r16-persistent,rms__bf16__S650040D128,median_us,85.519510,88.399975,0.967313x,metric_kind=wall_clock interleaved=1 baseline=pinned_baseline_copy candidate=tiled_rms rows_per_cta=16 scheduling=1 bootstrap_ci95_lo=0.9631 bootstrap_ci95_hi=0.9714 resamples=2000 baseline_mean_us=86.067 baseline_std_us=2.837 cand_mean_us=88.764 cand_std_us=1.558 cand_p10_us=87.214 cand_p90_us=90.470 cand_min_us=86.333 warmup=25 iters=100 gpu_model=NVIDIA_B200 gpu_id=1 host=innomatrix-us-adc-smb200-0003 container=sglang_bbuf sglang_commit=unset source_hash=15d82f7d2c52afda slug=b200_diffusion_norm_infer__multi_shape cand=cand-0009-tile-r16-persistent
2026-06-04T11:19:33.906355+00:00,cand-0009-tile-r16-persistent,rms__bf16__S650040D128,median_us,83.664000,84.671997,0.987911x,metric_kind=kernel_event interleaved=1 baseline=pinned_baseline_copy candidate=tiled_rms rows_per_cta=16 scheduling=1 bootstrap_ci95_lo=0.9831 bootstrap_ci95_hi=0.9928 resamples=2000 baseline_mean_us=84.147 baseline_std_us=2.364 cand_mean_us=84.961 cand_std_us=1.528 cand_p10_us=83.360 cand_p90_us=86.624 cand_min_us=82.304 warmup=25 iters=100 gpu_model=NVIDIA_B200 gpu_id=1 host=innomatrix-us-adc-smb200-0003 container=sglang_bbuf sglang_commit=unset source_hash=15d82f7d2c52afda slug=b200_diffusion_norm_infer__multi_shape cand=cand-0009-tile-r16-persistent
2026-06-04T11:19:43.666719+00:00,cand-0010-tile-r32-persistent,rms__bf16__S648720D128,median_us,85.014501,76.906988,1.105266x,metric_kind=wall_clock interleaved=1 baseline=pinned_baseline_copy candidate=tiled_rms rows_per_cta=32 scheduling=1 bootstrap_ci95_lo=1.0994 bootstrap_ci95_hi=1.1116 resamples=2000 baseline_mean_us=85.811 baseline_std_us=2.844 cand_mean_us=77.174 cand_std_us=1.710 cand_p10_us=75.849 cand_p90_us=78.482 cand_min_us=74.845 warmup=25 iters=100 gpu_model=NVIDIA_B200 gpu_id=1 host=innomatrix-us-adc-smb200-0003 container=sglang_bbuf sglang_commit=unset source_hash=15d82f7d2c52afda slug=b200_diffusion_norm_infer__multi_shape cand=cand-0010-tile-r32-persistent
2026-06-04T11:19:43.666768+00:00,cand-0010-tile-r32-persistent,rms__bf16__S648720D128,median_us,83.296001,72.335999,1.151261x,metric_kind=kernel_event interleaved=1 baseline=pinned_baseline_copy candidate=tiled_rms rows_per_cta=32 scheduling=1 bootstrap_ci95_lo=1.1468 bootstrap_ci95_hi=1.1573 resamples=2000 baseline_mean_us=85.945 baseline_std_us=19.369 cand_mean_us=104.164 cand_std_us=309.642 cand_p10_us=71.264 cand_p90_us=74.304 cand_min_us=70.336 warmup=25 iters=100 gpu_model=NVIDIA_B200 gpu_id=1 host=innomatrix-us-adc-smb200-0003 container=sglang_bbuf sglang_commit=unset source_hash=15d82f7d2c52afda slug=b200_diffusion_norm_infer__multi_shape cand=cand-0010-tile-r32-persistent
2026-06-04T11:19:43.666792+00:00,cand-0010-tile-r32-persistent,rms__bf16__S650040D128,median_us,85.023930,76.594413,1.109987x,metric_kind=wall_clock interleaved=1 baseline=pinned_baseline_copy candidate=tiled_rms rows_per_cta=32 scheduling=1 bootstrap_ci95_lo=1.1057 bootstrap_ci95_hi=1.1138 resamples=2000 baseline_mean_us=85.439 baseline_std_us=1.745 cand_mean_us=76.747 cand_std_us=0.969 cand_p10_us=75.765 cand_p90_us=77.784 cand_min_us=75.387 warmup=25 iters=100 gpu_model=NVIDIA_B200 gpu_id=1 host=innomatrix-us-adc-smb200-0003 container=sglang_bbuf sglang_commit=unset source_hash=15d82f7d2c52afda slug=b200_diffusion_norm_infer__multi_shape cand=cand-0010-tile-r32-persistent
2026-06-04T11:19:43.666811+00:00,cand-0010-tile-r32-persistent,rms__bf16__S650040D128,median_us,83.999999,72.384000,1.160477x,metric_kind=kernel_event interleaved=1 baseline=pinned_baseline_copy candidate=tiled_rms rows_per_cta=32 scheduling=1 bootstrap_ci95_lo=1.1518 bootstrap_ci95_hi=1.1657 resamples=2000 baseline_mean_us=84.553 baseline_std_us=2.666 cand_mean_us=72.756 cand_std_us=1.459 cand_p10_us=71.328 cand_p90_us=74.272 cand_min_us=70.208 warmup=25 iters=100 gpu_model=NVIDIA_B200 gpu_id=1 host=innomatrix-us-adc-smb200-0003 container=sglang_bbuf sglang_commit=unset source_hash=15d82f7d2c52afda slug=b200_diffusion_norm_infer__multi_shape cand=cand-0010-tile-r32-persistent
2026-06-04T11:20:32.813293+00:00,cand-0010-tile-r32-persistent-rep2,rms__bf16__S648720D128,median_us,85.295876,77.557866,1.099834x,metric_kind=wall_clock interleaved=1 baseline=pinned_baseline_copy candidate=tiled_rms rows_per_cta=32 scheduling=1 bootstrap_ci95_lo=1.0946 bootstrap_ci95_hi=1.1040 resamples=2000 baseline_mean_us=86.153 baseline_std_us=2.841 cand_mean_us=78.007 cand_std_us=2.130 cand_p10_us=76.443 cand_p90_us=79.387 cand_min_us=75.702 warmup=25 iters=100 gpu_model=NVIDIA_B200 gpu_id=1 host=innomatrix-us-adc-smb200-0003 container=sglang_bbuf sglang_commit=unset source_hash=15d82f7d2c52afda slug=b200_diffusion_norm_infer__multi_shape cand=cand-0010-tile-r32-persistent-rep2
2026-06-04T11:20:32.813338+00:00,cand-0010-tile-r32-persistent-rep2,rms__bf16__S648720D128,median_us,83.120000,72.848003,1.140975x,metric_kind=kernel_event interleaved=1 baseline=pinned_baseline_copy candidate=tiled_rms rows_per_cta=32 scheduling=1 bootstrap_ci95_lo=1.1342 bootstrap_ci95_hi=1.1481 resamples=2000 baseline_mean_us=83.695 baseline_std_us=2.810 cand_mean_us=72.982 cand_std_us=1.158 cand_p10_us=71.744 cand_p90_us=74.080 cand_min_us=70.528 warmup=25 iters=100 gpu_model=NVIDIA_B200 gpu_id=1 host=innomatrix-us-adc-smb200-0003 container=sglang_bbuf sglang_commit=unset source_hash=15d82f7d2c52afda slug=b200_diffusion_norm_infer__multi_shape cand=cand-0010-tile-r32-persistent-rep2
2026-06-04T11:20:32.813361+00:00,cand-0010-tile-r32-persistent-rep2,rms__bf16__S650040D128,median_us,84.369094,76.774508,1.098940x,metric_kind=wall_clock interleaved=1 baseline=pinned_baseline_copy candidate=tiled_rms rows_per_cta=32 scheduling=1 bootstrap_ci95_lo=1.0945 bootstrap_ci95_hi=1.1043 resamples=2000 baseline_mean_us=84.860 baseline_std_us=1.937 cand_mean_us=76.893 cand_std_us=1.297 cand_p10_us=75.730 cand_p90_us=77.793 cand_min_us=74.737 warmup=25 iters=100 gpu_model=NVIDIA_B200 gpu_id=1 host=innomatrix-us-adc-smb200-0003 container=sglang_bbuf sglang_commit=unset source_hash=15d82f7d2c52afda slug=b200_diffusion_norm_infer__multi_shape cand=cand-0010-tile-r32-persistent-rep2
2026-06-04T11:20:32.813381+00:00,cand-0010-tile-r32-persistent-rep2,rms__bf16__S650040D128,median_us,83.280001,72.943997,1.141667x,metric_kind=kernel_event interleaved=1 baseline=pinned_baseline_copy candidate=tiled_rms rows_per_cta=32 scheduling=1 bootstrap_ci95_lo=1.1363 bootstrap_ci95_hi=1.1476 resamples=2000 baseline_mean_us=83.669 baseline_std_us=1.806 cand_mean_us=73.159 cand_std_us=1.237 cand_p10_us=71.904 cand_p90_us=74.592 cand_min_us=70.688 warmup=25 iters=100 gpu_model=NVIDIA_B200 gpu_id=1 host=innomatrix-us-adc-smb200-0003 container=sglang_bbuf sglang_commit=unset source_hash=15d82f7d2c52afda slug=b200_diffusion_norm_infer__multi_shape cand=cand-0010-tile-r32-persistent-rep2
2026-06-04T11:31:34.056707+00:00,cand-0011-dispatch-tiled,helios__fp32__M8640N5120,median_us,93.551353,78.120036,1.197533x,metric_kind=wall_clock interleaved=1 baseline_mean_us=94.284 baseline_std_us=2.515 baseline_min_us=91.992 baseline_p10_us=92.404 baseline_p90_us=96.388 cand_mean_us=78.487 cand_std_us=1.656 cand_p10_us=77.228 cand_p90_us=80.272 cand_min_us=76.471 speedup_min_x=1.2030 warmup=25 iters=100 gpu_model=NVIDIA_B200 gpu_id=1 host=innomatrix-us-adc-smb200-0003 container=sglang_bbuf slug=b200_diffusion_norm_infer__multi_shape cand=cand-0011-dispatch-tiled
2026-06-04T11:31:34.081700+00:00,cand-0011-dispatch-tiled,helios__fp32__M8640N5120,median_us,90.783998,73.919997,1.228139x,metric_kind=kernel_event interleaved=1 baseline_mean_us=91.202 baseline_std_us=2.323 baseline_min_us=87.936 baseline_p10_us=89.376 baseline_p90_us=92.992 cand_mean_us=74.256 cand_std_us=1.699 cand_p10_us=72.928 cand_p90_us=76.128 cand_min_us=71.968 speedup_min_x=1.2219 warmup=25 iters=100 gpu_model=NVIDIA_B200 gpu_id=1 host=innomatrix-us-adc-smb200-0003 container=sglang_bbuf slug=b200_diffusion_norm_infer__multi_shape cand=cand-0011-dispatch-tiled
2026-06-04T11:31:34.129862+00:00,cand-0011-dispatch-tiled,rms__bf16__S648720D128,median_us,92.396978,84.678875,1.091146x,metric_kind=wall_clock interleaved=1 baseline_mean_us=92.994 baseline_std_us=2.356 baseline_min_us=89.767 baseline_p10_us=91.349 baseline_p90_us=95.149 cand_mean_us=84.943 cand_std_us=1.479 cand_p10_us=83.795 cand_p90_us=86.112 cand_min_us=83.161 speedup_min_x=1.0794 warmup=25 iters=100 gpu_model=NVIDIA_B200 gpu_id=1 host=innomatrix-us-adc-smb200-0003 container=sglang_bbuf slug=b200_diffusion_norm_infer__multi_shape cand=cand-0011-dispatch-tiled
2026-06-04T11:31:34.155399+00:00,cand-0011-dispatch-tiled,rms__bf16__S648720D128,median_us,90.112001,81.360001,1.107571x,metric_kind=kernel_event interleaved=1 baseline_mean_us=90.667 baseline_std_us=2.118 baseline_min_us=87.264 baseline_p10_us=88.992 baseline_p90_us=93.056 cand_mean_us=81.484 cand_std_us=1.251 cand_p10_us=80.128 cand_p90_us=82.752 cand_min_us=78.752 speedup_min_x=1.1081 warmup=25 iters=100 gpu_model=NVIDIA_B200 gpu_id=1 host=innomatrix-us-adc-smb200-0003 container=sglang_bbuf slug=b200_diffusion_norm_infer__multi_shape cand=cand-0011-dispatch-tiled
2026-06-04T11:31:34.174905+00:00,cand-0011-dispatch-tiled,rms__bf16__S1320D128,median_us,51.887007,31.682546,1.637716x,metric_kind=wall_clock interleaved=1 baseline_mean_us=52.430 baseline_std_us=2.849 baseline_min_us=49.049 baseline_p10_us=50.515 baseline_p90_us=54.078 cand_mean_us=31.849 cand_std_us=1.217 cand_p10_us=30.653 cand_p90_us=32.921 cand_min_us=29.406 speedup_min_x=1.6680 warmup=25 iters=100 gpu_model=NVIDIA_B200 gpu_id=1 host=innomatrix-us-adc-smb200-0003 container=sglang_bbuf slug=b200_diffusion_norm_infer__multi_shape cand=cand-0011-dispatch-tiled
2026-06-04T11:31:34.190756+00:00,cand-0011-dispatch-tiled,rms__bf16__S1320D128,median_us,55.663999,32.800000,1.697073x,metric_kind=kernel_event interleaved=1 baseline_mean_us=56.208 baseline_std_us=2.349 baseline_min_us=53.280 baseline_p10_us=54.368 baseline_p90_us=58.272 cand_mean_us=33.280 cand_std_us=2.461 cand_p10_us=31.904 cand_p90_us=34.336 cand_min_us=31.296 speedup_min_x=1.7025 warmup=25 iters=100 gpu_model=NVIDIA_B200 gpu_id=1 host=innomatrix-us-adc-smb200-0003 container=sglang_bbuf slug=b200_diffusion_norm_infer__multi_shape cand=cand-0011-dispatch-tiled
2026-06-04T11:31:34.213794+00:00,cand-0011-dispatch-tiled,rms__bf16__S650040D128,median_us,91.842492,84.529398,1.086515x,metric_kind=wall_clock interleaved=1 baseline_mean_us=92.002 baseline_std_us=1.769 baseline_min_us=88.530 baseline_p10_us=90.385 baseline_p90_us=93.593 cand_mean_us=84.865 cand_std_us=1.397 cand_p10_us=83.744 cand_p90_us=86.205 cand_min_us=83.446 speedup_min_x=1.0609 warmup=25 iters=100 gpu_model=NVIDIA_B200 gpu_id=1 host=innomatrix-us-adc-smb200-0003 container=sglang_bbuf slug=b200_diffusion_norm_infer__multi_shape cand=cand-0011-dispatch-tiled
2026-06-04T11:31:34.239263+00:00,cand-0011-dispatch-tiled,rms__bf16__S650040D128,median_us,89.871999,81.712000,1.099863x,metric_kind=kernel_event interleaved=1 baseline_mean_us=90.103 baseline_std_us=2.015 baseline_min_us=87.456 baseline_p10_us=88.320 baseline_p90_us=91.584 cand_mean_us=81.874 cand_std_us=1.624 cand_p10_us=80.160 cand_p90_us=82.976 cand_min_us=79.008 speedup_min_x=1.1069 warmup=25 iters=100 gpu_model=NVIDIA_B200 gpu_id=1 host=innomatrix-us-adc-smb200-0003 container=sglang_bbuf slug=b200_diffusion_norm_infer__multi_shape cand=cand-0011-dispatch-tiled
2026-06-04T11:31:34.252051+00:00,cand-0011-dispatch-tiled,rms__bf16__S16384D128,median_us,52.494928,31.920499,1.644552x,metric_kind=wall_clock interleaved=1 baseline_mean_us=52.913 baseline_std_us=2.448 baseline_min_us=50.037 baseline_p10_us=51.081 baseline_p90_us=54.346 cand_mean_us=32.259 cand_std_us=1.771 cand_p10_us=31.117 cand_p90_us=33.149 cand_min_us=30.433 speedup_min_x=1.6442 warmup=25 iters=100 gpu_model=NVIDIA_B200 gpu_id=1 host=innomatrix-us-adc-smb200-0003 container=sglang_bbuf slug=b200_diffusion_norm_infer__multi_shape cand=cand-0011-dispatch-tiled
2026-06-04T11:31:34.267944+00:00,cand-0011-dispatch-tiled,rms__bf16__S16384D128,median_us,55.888001,32.800000,1.703902x,metric_kind=kernel_event interleaved=1 baseline_mean_us=56.294 baseline_std_us=2.817 baseline_min_us=52.512 baseline_p10_us=54.528 baseline_p90_us=58.080 cand_mean_us=32.985 cand_std_us=1.277 cand_p10_us=31.904 cand_p90_us=34.048 cand_min_us=30.816 speedup_min_x=1.7040 warmup=25 iters=100 gpu_model=NVIDIA_B200 gpu_id=1 host=innomatrix-us-adc-smb200-0003 container=sglang_bbuf slug=b200_diffusion_norm_infer__multi_shape cand=cand-0011-dispatch-tiled
2026-06-04T11:31:34.280793+00:00,cand-0011-dispatch-tiled,rms__bf16__S4096D128,median_us,51.408540,31.072996,1.654444x,metric_kind=wall_clock interleaved=1 baseline_mean_us=51.677 baseline_std_us=1.743 baseline_min_us=49.123 baseline_p10_us=49.936 baseline_p90_us=53.434 cand_mean_us=31.404 cand_std_us=1.326 cand_p10_us=30.265 cand_p90_us=32.422 cand_min_us=29.417 speedup_min_x=1.6699 warmup=25 iters=100 gpu_model=NVIDIA_B200 gpu_id=1 host=innomatrix-us-adc-smb200-0003 container=sglang_bbuf slug=b200_diffusion_norm_infer__multi_shape cand=cand-0011-dispatch-tiled
2026-06-04T11:31:34.296546+00:00,cand-0011-dispatch-tiled,rms__bf16__S4096D128,median_us,55.647999,32.703999,1.701566x,metric_kind=kernel_event interleaved=1 baseline_mean_us=56.024 baseline_std_us=2.221 baseline_min_us=52.672 baseline_p10_us=54.144 baseline_p90_us=58.048 cand_mean_us=32.867 cand_std_us=1.110 cand_p10_us=31.904 cand_p90_us=33.824 cand_min_us=31.232 speedup_min_x=1.6865 warmup=25 iters=100 gpu_model=NVIDIA_B200 gpu_id=1 host=innomatrix-us-adc-smb200-0003 container=sglang_bbuf slug=b200_diffusion_norm_infer__multi_shape cand=cand-0011-dispatch-tiled
2026-06-04T11:31:34.296584+00:00,cand-0011-dispatch-tiled,production_geomean,geomean_speedup_x,,,1.359954x,metric_kind=wall_clock interleaved=1 n_shapes=6 gpu_model=NVIDIA_B200 gpu_id=1 host=innomatrix-us-adc-smb200-0003 container=sglang_bbuf slug=b200_diffusion_norm_infer__multi_shape cand=cand-0011-dispatch-tiled
2026-06-04T11:31:34.296601+00:00,cand-0011-dispatch-tiled,production_geomean,geomean_speedup_x,,,1.394736x,metric_kind=kernel_event interleaved=1 n_shapes=6 gpu_model=NVIDIA_B200 gpu_id=1 host=innomatrix-us-adc-smb200-0003 container=sglang_bbuf slug=b200_diffusion_norm_infer__multi_shape cand=cand-0011-dispatch-tiled
2026-06-04T11:32:54.505838+00:00,cand-0011-mix-smoke,production_mix_step,median_us,224.608462,209.600548,1.071602x,metric_kind=wall_clock interleaved=1 lane=production_mix_smoke step_mix=S648720x2+S1320+S650040 calls_per_step=4 steps=30 baseline=installed_sglang_routing candidate=shipped_dispatcher_routing baseline_mean_us=226.026 cand_mean_us=209.515 baseline_std_us=4.894 cand_std_us=1.099 gpu_model=NVIDIA_B200 gpu_id=1 host=innomatrix-us-adc-smb200-0003 container=sglang_bbuf sglang_commit=unset source_hash=4fc9062c868bbad3 slug=b200_diffusion_norm_infer__multi_shape cand=cand-0011-mix-smoke
2026-06-04T11:50:46.074841+00:00,cand-0007-rebaseline,provenance_addendum,provenance_note,,,,command=cd $REMOTE_KDA_DIR/task && CUDA_VISIBLE_DEVICES=1 TVM_FFI_CACHE_DIR=$REMOTE_KDA_DIR/jit_cache KDA_REQUIRE_CUDA=1 KDA_CANDIDATE_ID=cand-0007-rebaseline KDA_SGLANG_COMMIT=edb1b3f8f KDA_HOST=innomatrix-us-adc-smb200-0003 python benchmark.py ; source_hash=1f4eca379ebcfe4a (pre-round-2-edit merged state) ; sglang_commit=edb1b3f8f cuda=13.0 torch=2.11.0+cu130 driver=580.126.20 gpu_model=NVIDIA_B200 gpu_id=1 host=innomatrix-us-adc-smb200-0003 container=sglang_bbuf tvm_ffi_cache=fresh_round2_dir
2026-06-04T11:50:46.074841+00:00,baseline-parity-r2,provenance_addendum,provenance_note,,,,command=cd $REMOTE_KDA_DIR/task && CUDA_VISIBLE_DEVICES=1 TVM_FFI_CACHE_DIR=$REMOTE_KDA_DIR/jit_cache KDA_SGLANG_COMMIT=edb1b3f8f KDA_HOST=innomatrix-us-adc-smb200-0003 python bench/parity_check_r2.py ; pinned_commit=edb1b3f8f ; sglang_commit=edb1b3f8f cuda=13.0 torch=2.11.0+cu130 driver=580.126.20 gpu_model=NVIDIA_B200 gpu_id=1 host=innomatrix-us-adc-smb200-0003 container=sglang_bbuf tvm_ffi_cache=fresh_round2_dir
2026-06-04T11:50:46.074841+00:00,cand-0008-tile-r16-plain,provenance_addendum,provenance_note,,,,command=cd $REMOTE_KDA_DIR/task && CUDA_VISIBLE_DEVICES=1 TVM_FFI_CACHE_DIR=$REMOTE_KDA_DIR/jit_cache python bench/large_s_tile_ab.py --candidate-id cand-0008-tile-r16-plain --rows-per-cta 16 --scheduling 0 ; source_hash=15d82f7d2c52afda ; note=sglang_commit_env_unset_in_run_actual_container_commit=edb1b3f8f ; sglang_commit=edb1b3f8f cuda=13.0 torch=2.11.0+cu130 driver=580.126.20 gpu_model=NVIDIA_B200 gpu_id=1 host=innomatrix-us-adc-smb200-0003 container=sglang_bbuf tvm_ffi_cache=fresh_round2_dir
2026-06-04T11:50:46.074841+00:00,cand-0009-tile-r16-persistent,provenance_addendum,provenance_note,,,,command=cd $REMOTE_KDA_DIR/task && CUDA_VISIBLE_DEVICES=1 TVM_FFI_CACHE_DIR=$REMOTE_KDA_DIR/jit_cache python bench/large_s_tile_ab.py --candidate-id cand-0009-tile-r16-persistent --rows-per-cta 16 --scheduling 1 ; source_hash=15d82f7d2c52afda ; note=sglang_commit_env_unset_in_run_actual_container_commit=edb1b3f8f ; sglang_commit=edb1b3f8f cuda=13.0 torch=2.11.0+cu130 driver=580.126.20 gpu_model=NVIDIA_B200 gpu_id=1 host=innomatrix-us-adc-smb200-0003 container=sglang_bbuf tvm_ffi_cache=fresh_round2_dir
2026-06-04T11:50:46.074841+00:00,cand-0010-tile-r32-persistent,provenance_addendum,provenance_note,,,,command=cd $REMOTE_KDA_DIR/task && CUDA_VISIBLE_DEVICES=1 TVM_FFI_CACHE_DIR=$REMOTE_KDA_DIR/jit_cache python bench/large_s_tile_ab.py --candidate-id cand-0010-tile-r32-persistent --rows-per-cta 32 --scheduling 1 ; source_hash=15d82f7d2c52afda ; note=sglang_commit_env_unset_in_run_actual_container_commit=edb1b3f8f ; sglang_commit=edb1b3f8f cuda=13.0 torch=2.11.0+cu130 driver=580.126.20 gpu_model=NVIDIA_B200 gpu_id=1 host=innomatrix-us-adc-smb200-0003 container=sglang_bbuf tvm_ffi_cache=fresh_round2_dir
2026-06-04T11:50:46.074841+00:00,cand-0010-tile-r32-persistent-rep2,provenance_addendum,provenance_note,,,,command=cd $REMOTE_KDA_DIR/task && CUDA_VISIBLE_DEVICES=1 TVM_FFI_CACHE_DIR=$REMOTE_KDA_DIR/jit_cache python bench/large_s_tile_ab.py --candidate-id cand-0010-tile-r32-persistent-rep2 --rows-per-cta 32 --scheduling 1 ; source_hash=15d82f7d2c52afda ; sglang_commit=edb1b3f8f cuda=13.0 torch=2.11.0+cu130 driver=580.126.20 gpu_model=NVIDIA_B200 gpu_id=1 host=innomatrix-us-adc-smb200-0003 container=sglang_bbuf tvm_ffi_cache=fresh_round2_dir ; note=sglang_commit_env_unset_in_run_actual_container_commit=edb1b3f8f
2026-06-04T11:50:46.074841+00:00,cand-0011-dispatch-tiled,provenance_addendum,provenance_note,,,,command=cd $REMOTE_KDA_DIR/task && CUDA_VISIBLE_DEVICES=1 TVM_FFI_CACHE_DIR=$REMOTE_KDA_DIR/jit_cache KDA_RUN_CORRECTNESS=1 KDA_FULL_REGRESSION=1 KDA_REQUIRE_CUDA=1 python -m pytest tests/ -q && cd $REMOTE_KDA_DIR/task && CUDA_VISIBLE_DEVICES=1 TVM_FFI_CACHE_DIR=$REMOTE_KDA_DIR/jit_cache KDA_REQUIRE_CUDA=1 KDA_CANDIDATE_ID=cand-0011-dispatch-tiled KDA_SGLANG_COMMIT=edb1b3f8f KDA_HOST=innomatrix-us-adc-smb200-0003 python benchmark.py ; source_hash=4fc9062c868bbad3 (post-routing/pre-alignment-gate measured state; confirmed by the cand-0011-mix-smoke measured row); final shipped state=1819d44b5d7df6fd (alignment edit only narrows routing for non-16B-aligned views; production shapes unaffected; final state validated by 36/36 tile suite + cand-0012 arbiter) ; sglang_commit=edb1b3f8f cuda=13.0 torch=2.11.0+cu130 driver=580.126.20 gpu_model=NVIDIA_B200 gpu_id=1 host=innomatrix-us-adc-smb200-0003 container=sglang_bbuf tvm_ffi_cache=fresh_round2_dir
2026-06-04T11:50:46.074841+00:00,cand-0011-mix-smoke,provenance_addendum,provenance_note,,,,command=cd $REMOTE_KDA_DIR/task && CUDA_VISIBLE_DEVICES=1 TVM_FFI_CACHE_DIR=$REMOTE_KDA_DIR/jit_cache python bench/production_mix_smoke.py --candidate-id cand-0011-mix-smoke ; sglang_commit=edb1b3f8f cuda=13.0 torch=2.11.0+cu130 driver=580.126.20 gpu_model=NVIDIA_B200 gpu_id=1 host=innomatrix-us-adc-smb200-0003 container=sglang_bbuf tvm_ffi_cache=fresh_round2_dir ; source_hash=4fc9062c868bbad3
2026-06-04T12:11:53.423592+00:00,cand-0013-tile-v4-maskfix,rms__bf16__S648720D128,median_us,85.387030,78.302575,1.090594x,metric_kind=wall_clock interleaved=1 baseline=pinned_baseline_copy candidate=tiled_rms rows_per_cta=32 scheduling=1 bootstrap_ci95_lo=1.0861 bootstrap_ci95_hi=1.0949 resamples=2000 baseline_mean_us=85.628 baseline_std_us=1.921 cand_mean_us=78.442 cand_std_us=1.384 cand_p10_us=77.248 cand_p90_us=79.890 cand_min_us=76.220 warmup=25 iters=100 gpu_model=NVIDIA_B200 gpu_id=1 host=innomatrix-us-adc-smb200-0003 container=sglang_bbuf sglang_commit=unset source_hash=e2b9e463b7c5d82e slug=b200_diffusion_norm_infer__multi_shape cand=cand-0013-tile-v4-maskfix
2026-06-04T12:11:53.423638+00:00,cand-0013-tile-v4-maskfix,rms__bf16__S648720D128,median_us,83.632004,74.320000,1.125269x,metric_kind=kernel_event interleaved=1 baseline=pinned_baseline_copy candidate=tiled_rms rows_per_cta=32 scheduling=1 bootstrap_ci95_lo=1.1196 bootstrap_ci95_hi=1.1317 resamples=2000 baseline_mean_us=83.910 baseline_std_us=1.901 cand_mean_us=74.394 cand_std_us=1.251 cand_p10_us=73.024 cand_p90_us=75.808 cand_min_us=72.000 warmup=25 iters=100 gpu_model=NVIDIA_B200 gpu_id=1 host=innomatrix-us-adc-smb200-0003 container=sglang_bbuf sglang_commit=unset source_hash=e2b9e463b7c5d82e slug=b200_diffusion_norm_infer__multi_shape cand=cand-0013-tile-v4-maskfix
2026-06-04T12:11:53.423661+00:00,cand-0013-tile-v4-maskfix,rms__bf16__S650040D128,median_us,85.542444,78.079989,1.095952x,metric_kind=wall_clock interleaved=1 baseline=pinned_baseline_copy candidate=tiled_rms rows_per_cta=32 scheduling=1 bootstrap_ci95_lo=1.0913 bootstrap_ci95_hi=1.0995 resamples=2000 baseline_mean_us=85.796 baseline_std_us=1.318 cand_mean_us=78.248 cand_std_us=0.905 cand_p10_us=77.228 cand_p90_us=79.347 cand_min_us=76.271 warmup=25 iters=100 gpu_model=NVIDIA_B200 gpu_id=1 host=innomatrix-us-adc-smb200-0003 container=sglang_bbuf sglang_commit=unset source_hash=e2b9e463b7c5d82e slug=b200_diffusion_norm_infer__multi_shape cand=cand-0013-tile-v4-maskfix
2026-06-04T12:11:53.423681+00:00,cand-0013-tile-v4-maskfix,rms__bf16__S650040D128,median_us,83.903998,74.304000,1.129199x,metric_kind=kernel_event interleaved=1 baseline=pinned_baseline_copy candidate=tiled_rms rows_per_cta=32 scheduling=1 bootstrap_ci95_lo=1.1239 bootstrap_ci95_hi=1.1337 resamples=2000 baseline_mean_us=84.139 baseline_std_us=1.611 cand_mean_us=74.356 cand_std_us=0.966 cand_p10_us=73.216 cand_p90_us=75.296 cand_min_us=72.416 warmup=25 iters=100 gpu_model=NVIDIA_B200 gpu_id=1 host=innomatrix-us-adc-smb200-0003 container=sglang_bbuf sglang_commit=unset source_hash=e2b9e463b7c5d82e slug=b200_diffusion_norm_infer__multi_shape cand=cand-0013-tile-v4-maskfix
2026-06-04T12:13:42.274694+00:00,cand-0013-dispatch-v4,helios__fp32__M8640N5120,median_us,93.037495,77.516423,1.200229x,metric_kind=wall_clock interleaved=1 baseline_mean_us=93.504 baseline_std_us=2.052 baseline_min_us=90.995 baseline_p10_us=91.758 baseline_p90_us=95.179 cand_mean_us=77.904 cand_std_us=2.180 cand_p10_us=76.377 cand_p90_us=79.240 cand_min_us=75.579 speedup_min_x=1.2040 warmup=25 iters=100 gpu_model=NVIDIA_B200 gpu_id=1 host=innomatrix-us-adc-smb200-0003 container=sglang_bbuf slug=b200_diffusion_norm_infer__multi_shape cand=cand-0013-dispatch-v4
2026-06-04T12:13:42.299561+00:00,cand-0013-dispatch-v4,helios__fp32__M8640N5120,median_us,90.671998,73.247999,1.237877x,metric_kind=kernel_event interleaved=1 baseline_mean_us=91.455 baseline_std_us=2.909 baseline_min_us=88.384 baseline_p10_us=89.376 baseline_p90_us=94.432 cand_mean_us=73.699 cand_std_us=1.702 cand_p10_us=72.320 cand_p90_us=74.624 cand_min_us=71.680 speedup_min_x=1.2330 warmup=25 iters=100 gpu_model=NVIDIA_B200 gpu_id=1 host=innomatrix-us-adc-smb200-0003 container=sglang_bbuf slug=b200_diffusion_norm_infer__multi_shape cand=cand-0013-dispatch-v4
2026-06-04T12:13:42.347362+00:00,cand-0013-dispatch-v4,rms__bf16__S648720D128,median_us,90.988935,84.968051,1.070861x,metric_kind=wall_clock interleaved=1 baseline_mean_us=91.388 baseline_std_us=2.304 baseline_min_us=87.680 baseline_p10_us=89.929 baseline_p90_us=92.902 cand_mean_us=85.123 cand_std_us=1.054 cand_p10_us=84.079 cand_p90_us=86.081 cand_min_us=83.316 speedup_min_x=1.0524 warmup=25 iters=100 gpu_model=NVIDIA_B200 gpu_id=1 host=innomatrix-us-adc-smb200-0003 container=sglang_bbuf slug=b200_diffusion_norm_infer__multi_shape cand=cand-0013-dispatch-v4
2026-06-04T12:13:42.372770+00:00,cand-0013-dispatch-v4,rms__bf16__S648720D128,median_us,89.408003,81.696004,1.094399x,metric_kind=kernel_event interleaved=1 baseline_mean_us=89.631 baseline_std_us=1.896 baseline_min_us=86.560 baseline_p10_us=87.840 baseline_p90_us=91.616 cand_mean_us=81.754 cand_std_us=1.317 cand_p10_us=80.384 cand_p90_us=82.912 cand_min_us=79.424 speedup_min_x=1.0898 warmup=25 iters=100 gpu_model=NVIDIA_B200 gpu_id=1 host=innomatrix-us-adc-smb200-0003 container=sglang_bbuf slug=b200_diffusion_norm_infer__multi_shape cand=cand-0013-dispatch-v4
2026-06-04T12:13:42.393151+00:00,cand-0013-dispatch-v4,rms__bf16__S1320D128,median_us,51.154988,31.084986,1.645649x,metric_kind=wall_clock interleaved=1 baseline_mean_us=51.368 baseline_std_us=1.607 baseline_min_us=48.422 baseline_p10_us=49.851 baseline_p90_us=53.130 cand_mean_us=31.354 cand_std_us=1.377 cand_p10_us=30.064 cand_p90_us=32.463 cand_min_us=29.375 speedup_min_x=1.6484 warmup=25 iters=100 gpu_model=NVIDIA_B200 gpu_id=1 host=innomatrix-us-adc-smb200-0003 container=sglang_bbuf slug=b200_diffusion_norm_infer__multi_shape cand=cand-0013-dispatch-v4
2026-06-04T12:13:42.408800+00:00,cand-0013-dispatch-v4,rms__bf16__S1320D128,median_us,55.280000,32.368001,1.707860x,metric_kind=kernel_event interleaved=1 baseline_mean_us=55.803 baseline_std_us=2.799 baseline_min_us=52.448 baseline_p10_us=53.824 baseline_p90_us=57.632 cand_mean_us=32.617 cand_std_us=1.359 cand_p10_us=31.424 cand_p90_us=33.664 cand_min_us=30.816 speedup_min_x=1.7020 warmup=25 iters=100 gpu_model=NVIDIA_B200 gpu_id=1 host=innomatrix-us-adc-smb200-0003 container=sglang_bbuf slug=b200_diffusion_norm_infer__multi_shape cand=cand-0013-dispatch-v4
2026-06-04T12:13:42.431686+00:00,cand-0013-dispatch-v4,rms__bf16__S650040D128,median_us,90.993475,84.584579,1.075769x,metric_kind=wall_clock interleaved=1 baseline_mean_us=91.144 baseline_std_us=1.323 baseline_min_us=88.936 baseline_p10_us=89.773 baseline_p90_us=93.128 cand_mean_us=84.830 cand_std_us=1.592 cand_p10_us=83.607 cand_p90_us=85.840 cand_min_us=82.869 speedup_min_x=1.0732 warmup=25 iters=100 gpu_model=NVIDIA_B200 gpu_id=1 host=innomatrix-us-adc-smb200-0003 container=sglang_bbuf slug=b200_diffusion_norm_infer__multi_shape cand=cand-0013-dispatch-v4
2026-06-04T12:13:42.457012+00:00,cand-0013-dispatch-v4,rms__bf16__S650040D128,median_us,88.992000,81.919998,1.086328x,metric_kind=kernel_event interleaved=1 baseline_mean_us=89.176 baseline_std_us=1.495 baseline_min_us=86.336 baseline_p10_us=87.552 baseline_p90_us=90.688 cand_mean_us=81.925 cand_std_us=1.089 cand_p10_us=80.544 cand_p90_us=83.136 cand_min_us=79.744 speedup_min_x=1.0827 warmup=25 iters=100 gpu_model=NVIDIA_B200 gpu_id=1 host=innomatrix-us-adc-smb200-0003 container=sglang_bbuf slug=b200_diffusion_norm_infer__multi_shape cand=cand-0013-dispatch-v4
2026-06-04T12:13:42.469517+00:00,cand-0013-dispatch-v4,rms__bf16__S16384D128,median_us,51.414478,30.984520,1.659360x,metric_kind=wall_clock interleaved=1 baseline_mean_us=51.713 baseline_std_us=1.621 baseline_min_us=48.889 baseline_p10_us=49.901 baseline_p90_us=53.369 cand_mean_us=31.054 cand_std_us=0.842 cand_p10_us=29.972 cand_p90_us=32.223 cand_min_us=29.133 speedup_min_x=1.6781 warmup=25 iters=100 gpu_model=NVIDIA_B200 gpu_id=1 host=innomatrix-us-adc-smb200-0003 container=sglang_bbuf slug=b200_diffusion_norm_infer__multi_shape cand=cand-0013-dispatch-v4
2026-06-04T12:13:42.485127+00:00,cand-0013-dispatch-v4,rms__bf16__S16384D128,median_us,54.800000,32.512000,1.685532x,metric_kind=kernel_event interleaved=1 baseline_mean_us=55.337 baseline_std_us=2.075 baseline_min_us=52.544 baseline_p10_us=53.440 baseline_p90_us=57.696 cand_mean_us=32.793 cand_std_us=1.679 cand_p10_us=31.488 cand_p90_us=33.792 cand_min_us=30.560 speedup_min_x=1.7194 warmup=25 iters=100 gpu_model=NVIDIA_B200 gpu_id=1 host=innomatrix-us-adc-smb200-0003 container=sglang_bbuf slug=b200_diffusion_norm_infer__multi_shape cand=cand-0013-dispatch-v4
2026-06-04T12:13:42.497970+00:00,cand-0013-dispatch-v4,rms__bf16__S4096D128,median_us,51.285024,30.872528,1.661186x,metric_kind=wall_clock interleaved=1 baseline_mean_us=51.738 baseline_std_us=1.795 baseline_min_us=48.189 baseline_p10_us=50.089 baseline_p90_us=53.960 cand_mean_us=31.072 cand_std_us=0.920 cand_p10_us=30.250 cand_p90_us=31.898 cand_min_us=29.324 speedup_min_x=1.6433 warmup=25 iters=100 gpu_model=NVIDIA_B200 gpu_id=1 host=innomatrix-us-adc-smb200-0003 container=sglang_bbuf slug=b200_diffusion_norm_infer__multi_shape cand=cand-0013-dispatch-v4
2026-06-04T12:13:42.513625+00:00,cand-0013-dispatch-v4,rms__bf16__S4096D128,median_us,55.456001,32.687999,1.696525x,metric_kind=kernel_event interleaved=1 baseline_mean_us=55.651 baseline_std_us=1.859 baseline_min_us=52.288 baseline_p10_us=53.792 baseline_p90_us=57.760 cand_mean_us=32.810 cand_std_us=1.049 cand_p10_us=31.744 cand_p90_us=33.760 cand_min_us=31.104 speedup_min_x=1.6811 warmup=25 iters=100 gpu_model=NVIDIA_B200 gpu_id=1 host=innomatrix-us-adc-smb200-0003 container=sglang_bbuf slug=b200_diffusion_norm_infer__multi_shape cand=cand-0013-dispatch-v4
2026-06-04T12:13:42.513663+00:00,cand-0013-dispatch-v4,production_geomean,geomean_speedup_x,,,1.358007x,metric_kind=wall_clock interleaved=1 n_shapes=6 gpu_model=NVIDIA_B200 gpu_id=1 host=innomatrix-us-adc-smb200-0003 container=sglang_bbuf slug=b200_diffusion_norm_infer__multi_shape cand=cand-0013-dispatch-v4
2026-06-04T12:13:42.513681+00:00,cand-0013-dispatch-v4,production_geomean,geomean_speedup_x,,,1.389186x,metric_kind=kernel_event interleaved=1 n_shapes=6 gpu_model=NVIDIA_B200 gpu_id=1 host=innomatrix-us-adc-smb200-0003 container=sglang_bbuf slug=b200_diffusion_norm_infer__multi_shape cand=cand-0013-dispatch-v4
2026-06-04T12:16:58.347278+00:00,cand-0013-tile-v4-maskfix,provenance_addendum,provenance_note,,,,command=cd $REMOTE_KDA_DIR/task && CUDA_VISIBLE_DEVICES=1 TVM_FFI_CACHE_DIR=$REMOTE_KDA_DIR/jit_cache python bench/large_s_tile_ab.py --candidate-id cand-0013-tile-v4-maskfix --rows-per-cta 32 --scheduling 1 ; source_hash=e2b9e463b7c5d82e ; note=sglang_commit_env_unset_in_run_actual_container_commit=edb1b3f8f ; sglang_commit=edb1b3f8f cuda=13.0 torch=2.11.0+cu130 driver=580.126.20 gpu_model=NVIDIA_B200 gpu_id=1 host=innomatrix-us-adc-smb200-0003 container=sglang_bbuf tvm_ffi_cache=fresh_round2_dir
2026-06-04T12:16:58.347278+00:00,cand-0013-dispatch-v4,provenance_addendum,provenance_note,,,,command=cd $REMOTE_KDA_DIR/task && CUDA_VISIBLE_DEVICES=1 TVM_FFI_CACHE_DIR=$REMOTE_KDA_DIR/jit_cache KDA_REQUIRE_CUDA=1 KDA_CANDIDATE_ID=cand-0013-dispatch-v4 KDA_SGLANG_COMMIT=edb1b3f8f KDA_HOST=innomatrix-us-adc-smb200-0003 python benchmark.py ; source_hash=e2b9e463b7c5d82e ; sglang_commit=edb1b3f8f cuda=13.0 torch=2.11.0+cu130 driver=580.126.20 gpu_model=NVIDIA_B200 gpu_id=1 host=innomatrix-us-adc-smb200-0003 container=sglang_bbuf tvm_ffi_cache=fresh_round2_dir
