ts,mode,shape,dtype,metric,baseline_us,candidate_us,speedup_x,median_us,mean_us,std_us,min_us,p10_us,p90_us,gpu_time_us,achieved_gbps,host,gpu_id,gpu_model,sglang_commit,candidate_version,warmup,iters,command,slug,notes,remote_kda_dir,integration_path,registration_preserved,device_us,wall_us,host_delta_us,interleaved
2026-06-01T15:43:16.126855+00:00,baseline_lock,helios__f32__M8640N5120,torch.float32,median_us,109.4320,,,109.4320,109.8112,2.1781,107.4499,108.3311,111.3050,92.5440,3824.5,ion8-h200,7,NVIDIA H200,c47f0e7cd,baseline,25,100,python benchmark.py --lock --host ion8-h200,h200_diffusion_norm_infer__multi_shape,,/home/sglang-omni/bbuf/kda_runs/h200_diffusion_norm_infer__multi_shape/s20260601-232934,,,,,,
2026-06-01T15:43:16.155526+00:00,baseline_lock,hunyuan__bf16__M648720D128,torch.bfloat16,median_us,107.8349,,,107.8349,108.4866,2.6267,104.8860,106.2771,111.1351,83.3600,3984.5,ion8-h200,7,NVIDIA H200,c47f0e7cd,baseline,25,100,python benchmark.py --lock --host ion8-h200,h200_diffusion_norm_infer__multi_shape,,/home/sglang-omni/bbuf/kda_runs/h200_diffusion_norm_infer__multi_shape/s20260601-232934,,,,,,
2026-06-01T15:43:16.165735+00:00,baseline_lock,hunyuan__bf16__M1320D128,torch.bfloat16,median_us,31.9325,,,31.9325,32.6471,2.0726,31.0860,31.3660,34.3710,34.4320,19.6,ion8-h200,7,NVIDIA H200,c47f0e7cd,baseline,25,100,python benchmark.py --lock --host ion8-h200,h200_diffusion_norm_infer__multi_shape,,/home/sglang-omni/bbuf/kda_runs/h200_diffusion_norm_infer__multi_shape/s20260601-232934,,,,,,
2026-06-01T15:43:16.190567+00:00,baseline_lock,hunyuan__bf16__M650040D128,torch.bfloat16,median_us,107.0390,,,107.0390,107.5647,2.0072,104.9050,105.9769,109.7729,83.0720,4006.4,ion8-h200,7,NVIDIA H200,c47f0e7cd,baseline,25,100,python benchmark.py --lock --host ion8-h200,h200_diffusion_norm_infer__multi_shape,,/home/sglang-omni/bbuf/kda_runs/h200_diffusion_norm_infer__multi_shape/s20260601-232934,,,,,,
2026-06-01T15:43:16.200729+00:00,baseline_lock,zimage__bf16__M16384D128,torch.bfloat16,median_us,31.8120,,,31.8120,32.3711,1.8584,31.0560,31.2860,33.3501,34.6400,242.2,ion8-h200,7,NVIDIA H200,c47f0e7cd,baseline,25,100,python benchmark.py --lock --host ion8-h200,h200_diffusion_norm_infer__multi_shape,,/home/sglang-omni/bbuf/kda_runs/h200_diffusion_norm_infer__multi_shape/s20260601-232934,,,,,,
2026-06-01T15:43:16.211095+00:00,baseline_lock,zimage__bf16__M4096D128,torch.bfloat16,median_us,31.4765,,,31.4765,32.2334,2.2560,30.5960,31.0061,33.8000,34.1120,61.5,ion8-h200,7,NVIDIA H200,c47f0e7cd,baseline,25,100,python benchmark.py --lock --host ion8-h200,h200_diffusion_norm_infer__multi_shape,,/home/sglang-omni/bbuf/kda_runs/h200_diffusion_norm_infer__multi_shape/s20260601-232934,,,,,,
2026-06-01T15:59:21.225935+00:00,candidate_vs_locked,helios__f32__M8640N5120,torch.float32,median_us,109.4320,111.6805,0.9799,111.6805,112.0963,2.4240,109.3020,110.1830,113.8389,92.4800,3827.2,ion8-h200,7,NVIDIA H200,c47f0e7cd,rms_v1,25,100,python benchmark.py --candidate-version rms_v1 --host ion8-h200,h200_diffusion_norm_infer__multi_shape,,/home/sglang-omni/bbuf/kda_runs/h200_diffusion_norm_infer__multi_shape/s20260601-232934,,,,,,
2026-06-01T15:59:21.258483+00:00,candidate_vs_locked,hunyuan__bf16__M648720D128,torch.bfloat16,median_us,107.8349,104.3989,1.0329,104.3989,104.6337,1.5093,102.4520,103.1531,105.7670,92.7040,3582.9,ion8-h200,7,NVIDIA H200,c47f0e7cd,rms_v1,25,100,python benchmark.py --candidate-version rms_v1 --host ion8-h200,h200_diffusion_norm_infer__multi_shape,,/home/sglang-omni/bbuf/kda_runs/h200_diffusion_norm_infer__multi_shape/s20260601-232934,,,,,,
2026-06-01T15:59:21.263890+00:00,candidate_vs_locked,hunyuan__bf16__M1320D128,torch.bfloat16,median_us,31.9325,16.5745,1.9266,16.5745,16.8017,0.9588,16.1140,16.3050,17.1360,16.9120,40.0,ion8-h200,7,NVIDIA H200,c47f0e7cd,rms_v1,25,100,python benchmark.py --candidate-version rms_v1 --host ion8-h200,h200_diffusion_norm_infer__multi_shape,,/home/sglang-omni/bbuf/kda_runs/h200_diffusion_norm_infer__multi_shape/s20260601-232934,,,,,,
2026-06-01T15:59:21.287553+00:00,candidate_vs_locked,hunyuan__bf16__M650040D128,torch.bfloat16,median_us,107.0390,104.7000,1.0223,104.7000,104.8395,1.3754,102.1910,103.4340,105.7670,93.2480,3569.2,ion8-h200,7,NVIDIA H200,c47f0e7cd,rms_v1,25,100,python benchmark.py --candidate-version rms_v1 --host ion8-h200,h200_diffusion_norm_infer__multi_shape,,/home/sglang-omni/bbuf/kda_runs/h200_diffusion_norm_infer__multi_shape/s20260601-232934,,,,,,
2026-06-01T15:59:21.292849+00:00,candidate_vs_locked,zimage__bf16__M16384D128,torch.bfloat16,median_us,31.8120,16.6550,1.9101,16.6550,16.8341,1.0034,16.2240,16.3451,17.2161,17.0560,491.8,ion8-h200,7,NVIDIA H200,c47f0e7cd,rms_v1,25,100,python benchmark.py --candidate-version rms_v1 --host ion8-h200,h200_diffusion_norm_infer__multi_shape,,/home/sglang-omni/bbuf/kda_runs/h200_diffusion_norm_infer__multi_shape/s20260601-232934,,,,,,
2026-06-01T15:59:21.298306+00:00,candidate_vs_locked,zimage__bf16__M4096D128,torch.bfloat16,median_us,31.4765,16.3144,1.9294,16.3144,16.6206,1.2206,15.9740,16.1340,16.8950,16.7360,125.3,ion8-h200,7,NVIDIA H200,c47f0e7cd,rms_v1,25,100,python benchmark.py --candidate-version rms_v1 --host ion8-h200,h200_diffusion_norm_infer__multi_shape,,/home/sglang-omni/bbuf/kda_runs/h200_diffusion_norm_infer__multi_shape/s20260601-232934,,,,,,
2026-06-01T15:59:21.298362+00:00,geomean,all_perf_shapes,,geomean_speedup_x,,,1.3943,,,,,,,,,ion8-h200,7,NVIDIA H200,c47f0e7cd,rms_v1,,,python benchmark.py --candidate-version rms_v1 --host ion8-h200,h200_diffusion_norm_infer__multi_shape,,/home/sglang-omni/bbuf/kda_runs/h200_diffusion_norm_infer__multi_shape/s20260601-232934,,,,,,
2026-06-01T16:05:27.240138+00:00,candidate_vs_locked,helios__f32__M8640N5120,torch.float32,median_us,109.4320,109.7580,0.9970,109.7580,109.9289,1.9267,107.3690,108.5410,110.9650,97.5040,3630.0,ion8-h200,7,NVIDIA H200,c47f0e7cd,normv2,25,100,python benchmark.py --candidate-version normv2 --host ion8-h200,h200_diffusion_norm_infer__multi_shape,,/home/sglang-omni/bbuf/kda_runs/h200_diffusion_norm_infer__multi_shape/s20260601-232934,,,,,,
2026-06-01T16:05:27.273474+00:00,candidate_vs_locked,hunyuan__bf16__M648720D128,torch.bfloat16,median_us,107.8349,104.6300,1.0306,104.6300,104.7765,1.5583,102.2110,103.4230,105.8870,92.7360,3581.6,ion8-h200,7,NVIDIA H200,c47f0e7cd,normv2,25,100,python benchmark.py --candidate-version normv2 --host ion8-h200,h200_diffusion_norm_infer__multi_shape,,/home/sglang-omni/bbuf/kda_runs/h200_diffusion_norm_infer__multi_shape/s20260601-232934,,,,,,
2026-06-01T16:05:27.278838+00:00,candidate_vs_locked,hunyuan__bf16__M1320D128,torch.bfloat16,median_us,31.9325,16.5550,1.9289,16.5550,16.8311,1.1051,16.1740,16.2841,17.4260,17.0240,39.7,ion8-h200,7,NVIDIA H200,c47f0e7cd,normv2,25,100,python benchmark.py --candidate-version normv2 --host ion8-h200,h200_diffusion_norm_infer__multi_shape,,/home/sglang-omni/bbuf/kda_runs/h200_diffusion_norm_infer__multi_shape/s20260601-232934,,,,,,
2026-06-01T16:05:27.304160+00:00,candidate_vs_locked,hunyuan__bf16__M650040D128,torch.bfloat16,median_us,107.0390,104.8305,1.0211,104.8305,105.0307,1.3949,102.6120,103.6540,106.2370,93.1360,3573.5,ion8-h200,7,NVIDIA H200,c47f0e7cd,normv2,25,100,python benchmark.py --candidate-version normv2 --host ion8-h200,h200_diffusion_norm_infer__multi_shape,,/home/sglang-omni/bbuf/kda_runs/h200_diffusion_norm_infer__multi_shape/s20260601-232934,,,,,,
2026-06-01T16:05:27.309498+00:00,candidate_vs_locked,zimage__bf16__M16384D128,torch.bfloat16,median_us,31.8120,16.8700,1.8857,16.8700,17.1475,1.2397,16.3340,16.6249,17.3961,17.2800,485.5,ion8-h200,7,NVIDIA H200,c47f0e7cd,normv2,25,100,python benchmark.py --candidate-version normv2 --host ion8-h200,h200_diffusion_norm_infer__multi_shape,,/home/sglang-omni/bbuf/kda_runs/h200_diffusion_norm_infer__multi_shape/s20260601-232934,,,,,,
2026-06-01T16:05:27.314946+00:00,candidate_vs_locked,zimage__bf16__M4096D128,torch.bfloat16,median_us,31.4765,16.4950,1.9082,16.4950,16.7025,0.9546,16.1029,16.2739,17.0551,17.0880,122.7,ion8-h200,7,NVIDIA H200,c47f0e7cd,normv2,25,100,python benchmark.py --candidate-version normv2 --host ion8-h200,h200_diffusion_norm_infer__multi_shape,,/home/sglang-omni/bbuf/kda_runs/h200_diffusion_norm_infer__multi_shape/s20260601-232934,,,,,,
2026-06-01T16:05:27.314985+00:00,geomean,all_perf_shapes,,geomean_speedup_x,,,1.3922,,,,,,,,,ion8-h200,7,NVIDIA H200,c47f0e7cd,normv2,,,python benchmark.py --candidate-version normv2 --host ion8-h200,h200_diffusion_norm_infer__multi_shape,,/home/sglang-omni/bbuf/kda_runs/h200_diffusion_norm_infer__multi_shape/s20260601-232934,,,,,,
2026-06-01T16:15:59.567050+00:00,candidate_vs_locked,helios__f32__M8640N5120,torch.float32,median_us,109.4320,102.7875,1.0646,102.7875,102.9096,1.6969,100.7400,101.1910,103.9340,91.2320,3879.5,ion8-h200,7,NVIDIA H200,c47f0e7cd,normv3,25,100,python benchmark.py --candidate-version normv3 --host ion8-h200,h200_diffusion_norm_infer__multi_shape,,/home/sglang-omni/bbuf/kda_runs/h200_diffusion_norm_infer__multi_shape/s20260601-232934,,,,,,
2026-06-01T16:15:59.600594+00:00,candidate_vs_locked,hunyuan__bf16__M648720D128,torch.bfloat16,median_us,107.8349,107.6750,1.0015,107.6750,107.8294,1.3596,105.8170,107.0490,108.5210,96.1920,3452.9,ion8-h200,7,NVIDIA H200,c47f0e7cd,normv3,25,100,python benchmark.py --candidate-version normv3 --host ion8-h200,h200_diffusion_norm_infer__multi_shape,,/home/sglang-omni/bbuf/kda_runs/h200_diffusion_norm_infer__multi_shape/s20260601-232934,,,,,,
2026-06-01T16:15:59.605929+00:00,candidate_vs_locked,hunyuan__bf16__M1320D128,torch.bfloat16,median_us,31.9325,16.2340,1.9670,16.2340,16.4594,0.8711,15.7841,15.9841,16.8950,16.8320,40.2,ion8-h200,7,NVIDIA H200,c47f0e7cd,normv3,25,100,python benchmark.py --candidate-version normv3 --host ion8-h200,h200_diffusion_norm_infer__multi_shape,,/home/sglang-omni/bbuf/kda_runs/h200_diffusion_norm_infer__multi_shape/s20260601-232934,,,,,,
2026-06-01T16:15:59.631722+00:00,candidate_vs_locked,hunyuan__bf16__M650040D128,torch.bfloat16,median_us,107.0390,107.6950,0.9939,107.6950,107.9245,1.2161,106.0670,107.0690,108.7011,96.4480,3450.8,ion8-h200,7,NVIDIA H200,c47f0e7cd,normv3,25,100,python benchmark.py --candidate-version normv3 --host ion8-h200,h200_diffusion_norm_infer__multi_shape,,/home/sglang-omni/bbuf/kda_runs/h200_diffusion_norm_infer__multi_shape/s20260601-232934,,,,,,
2026-06-01T16:15:59.636978+00:00,candidate_vs_locked,zimage__bf16__M16384D128,torch.bfloat16,median_us,31.8120,16.5395,1.9234,16.5395,16.6678,0.7395,16.1640,16.3140,16.9050,16.7040,502.2,ion8-h200,7,NVIDIA H200,c47f0e7cd,normv3,25,100,python benchmark.py --candidate-version normv3 --host ion8-h200,h200_diffusion_norm_infer__multi_shape,,/home/sglang-omni/bbuf/kda_runs/h200_diffusion_norm_infer__multi_shape/s20260601-232934,,,,,,
2026-06-01T16:15:59.648717+00:00,candidate_vs_locked,zimage__bf16__M4096D128,torch.bfloat16,median_us,31.4765,15.9385,1.9749,15.9385,16.2124,1.1498,15.6229,15.7340,16.6650,16.5440,126.8,ion8-h200,7,NVIDIA H200,c47f0e7cd,normv3,25,100,python benchmark.py --candidate-version normv3 --host ion8-h200,h200_diffusion_norm_infer__multi_shape,,/home/sglang-omni/bbuf/kda_runs/h200_diffusion_norm_infer__multi_shape/s20260601-232934,,,,,,
2026-06-01T16:15:59.648762+00:00,geomean,all_perf_shapes,,geomean_speedup_x,,,1.4118,,,,,,,,,ion8-h200,7,NVIDIA H200,c47f0e7cd,normv3,,,python benchmark.py --candidate-version normv3 --host ion8-h200,h200_diffusion_norm_infer__multi_shape,,/home/sglang-omni/bbuf/kda_runs/h200_diffusion_norm_infer__multi_shape/s20260601-232934,,,,,,
2026-06-01T16:17:47.765463+00:00,candidate_vs_locked,helios__f32__M8640N5120,torch.float32,median_us,109.4320,102.8380,1.0641,102.8380,103.2822,3.2412,100.4189,101.5711,103.9440,91.3280,3875.4,ion8-h200,7,NVIDIA H200,c47f0e7cd,normv4,25,100,python benchmark.py --candidate-version normv4 --host ion8-h200,h200_diffusion_norm_infer__multi_shape,,/home/sglang-omni/bbuf/kda_runs/h200_diffusion_norm_infer__multi_shape/s20260601-232934,,,,,,
2026-06-01T16:17:47.796939+00:00,candidate_vs_locked,hunyuan__bf16__M648720D128,torch.bfloat16,median_us,107.8349,104.2250,1.0346,104.2250,104.5476,1.6289,102.0620,103.4139,105.5370,92.9600,3573.0,ion8-h200,7,NVIDIA H200,c47f0e7cd,normv4,25,100,python benchmark.py --candidate-version normv4 --host ion8-h200,h200_diffusion_norm_infer__multi_shape,,/home/sglang-omni/bbuf/kda_runs/h200_diffusion_norm_infer__multi_shape/s20260601-232934,,,,,,
2026-06-01T16:17:47.802395+00:00,candidate_vs_locked,hunyuan__bf16__M1320D128,torch.bfloat16,median_us,31.9325,16.6850,1.9138,16.6850,17.0030,1.2407,16.3041,16.4751,17.5560,17.1360,39.5,ion8-h200,7,NVIDIA H200,c47f0e7cd,normv4,25,100,python benchmark.py --candidate-version normv4 --host ion8-h200,h200_diffusion_norm_infer__multi_shape,,/home/sglang-omni/bbuf/kda_runs/h200_diffusion_norm_infer__multi_shape/s20260601-232934,,,,,,
2026-06-01T16:17:47.826065+00:00,candidate_vs_locked,hunyuan__bf16__M650040D128,torch.bfloat16,median_us,107.0390,104.6805,1.0225,104.6805,104.9108,1.3635,102.3220,103.7440,106.0870,93.1520,3572.9,ion8-h200,7,NVIDIA H200,c47f0e7cd,normv4,25,100,python benchmark.py --candidate-version normv4 --host ion8-h200,h200_diffusion_norm_infer__multi_shape,,/home/sglang-omni/bbuf/kda_runs/h200_diffusion_norm_infer__multi_shape/s20260601-232934,,,,,,
2026-06-01T16:17:47.831447+00:00,candidate_vs_locked,zimage__bf16__M16384D128,torch.bfloat16,median_us,31.8120,16.8050,1.8930,16.8050,17.0728,1.1986,16.4340,16.5340,17.3759,17.3440,483.7,ion8-h200,7,NVIDIA H200,c47f0e7cd,normv4,25,100,python benchmark.py --candidate-version normv4 --host ion8-h200,h200_diffusion_norm_infer__multi_shape,,/home/sglang-omni/bbuf/kda_runs/h200_diffusion_norm_infer__multi_shape/s20260601-232934,,,,,,
2026-06-01T16:17:47.836911+00:00,candidate_vs_locked,zimage__bf16__M4096D128,torch.bfloat16,median_us,31.4765,16.4945,1.9083,16.4945,16.6329,0.5492,15.9941,16.2841,17.0650,16.9920,123.4,ion8-h200,7,NVIDIA H200,c47f0e7cd,normv4,25,100,python benchmark.py --candidate-version normv4 --host ion8-h200,h200_diffusion_norm_infer__multi_shape,,/home/sglang-omni/bbuf/kda_runs/h200_diffusion_norm_infer__multi_shape/s20260601-232934,,,,,,
2026-06-01T16:17:47.836954+00:00,geomean,all_perf_shapes,,geomean_speedup_x,,,1.4078,,,,,,,,,ion8-h200,7,NVIDIA H200,c47f0e7cd,normv4,,,python benchmark.py --candidate-version normv4 --host ion8-h200,h200_diffusion_norm_infer__multi_shape,,/home/sglang-omni/bbuf/kda_runs/h200_diffusion_norm_infer__multi_shape/s20260601-232934,,,,,,
2026-06-01T16:24:01.334936+00:00,candidate_vs_locked,helios__f32__M8640N5120,torch.float32,median_us,109.4320,102.5725,1.0669,102.5725,102.7316,2.5254,99.9590,100.8499,103.7540,91.3280,3875.4,ion8-h200,7,NVIDIA H200,c47f0e7cd,normv5,25,100,python benchmark.py --candidate-version normv5 --host ion8-h200,h200_diffusion_norm_infer__multi_shape,,/home/sglang-omni/bbuf/kda_runs/h200_diffusion_norm_infer__multi_shape/s20260601-232934,,,,,,
2026-06-01T16:24:01.367047+00:00,candidate_vs_locked,hunyuan__bf16__M648720D128,torch.bfloat16,median_us,107.8349,103.6290,1.0406,103.6290,103.7373,1.2664,101.0700,102.3819,104.8561,92.1920,3602.8,ion8-h200,7,NVIDIA H200,c47f0e7cd,normv5,25,100,python benchmark.py --candidate-version normv5 --host ion8-h200,h200_diffusion_norm_infer__multi_shape,,/home/sglang-omni/bbuf/kda_runs/h200_diffusion_norm_infer__multi_shape/s20260601-232934,,,,,,
2026-06-01T16:24:01.372401+00:00,candidate_vs_locked,hunyuan__bf16__M1320D128,torch.bfloat16,median_us,31.9325,16.4245,1.9442,16.4245,16.6625,1.0559,15.9340,16.1340,17.0950,16.8320,40.2,ion8-h200,7,NVIDIA H200,c47f0e7cd,normv5,25,100,python benchmark.py --candidate-version normv5 --host ion8-h200,h200_diffusion_norm_infer__multi_shape,,/home/sglang-omni/bbuf/kda_runs/h200_diffusion_norm_infer__multi_shape/s20260601-232934,,,,,,
2026-06-01T16:24:01.402218+00:00,candidate_vs_locked,hunyuan__bf16__M650040D128,torch.bfloat16,median_us,107.0390,102.3315,1.0460,102.3315,102.5657,1.5546,100.8000,101.2300,103.8450,90.8480,3663.5,ion8-h200,7,NVIDIA H200,c47f0e7cd,normv5,25,100,python benchmark.py --candidate-version normv5 --host ion8-h200,h200_diffusion_norm_infer__multi_shape,,/home/sglang-omni/bbuf/kda_runs/h200_diffusion_norm_infer__multi_shape/s20260601-232934,,,,,,
2026-06-01T16:24:01.407493+00:00,candidate_vs_locked,zimage__bf16__M16384D128,torch.bfloat16,median_us,31.8120,16.6340,1.9125,16.6340,16.8753,1.0163,16.2340,16.3841,17.2560,16.9600,494.6,ion8-h200,7,NVIDIA H200,c47f0e7cd,normv5,25,100,python benchmark.py --candidate-version normv5 --host ion8-h200,h200_diffusion_norm_infer__multi_shape,,/home/sglang-omni/bbuf/kda_runs/h200_diffusion_norm_infer__multi_shape/s20260601-232934,,,,,,
2026-06-01T16:24:01.414083+00:00,candidate_vs_locked,zimage__bf16__M4096D128,torch.bfloat16,median_us,31.4765,16.4140,1.9177,16.4140,16.6954,1.2440,16.0030,16.1440,17.0161,16.8320,124.6,ion8-h200,7,NVIDIA H200,c47f0e7cd,normv5,25,100,python benchmark.py --candidate-version normv5 --host ion8-h200,h200_diffusion_norm_infer__multi_shape,,/home/sglang-omni/bbuf/kda_runs/h200_diffusion_norm_infer__multi_shape/s20260601-232934,,,,,,
2026-06-01T16:24:01.414130+00:00,geomean,all_perf_shapes,,geomean_speedup_x,,,1.4223,,,,,,,,,ion8-h200,7,NVIDIA H200,c47f0e7cd,normv5,,,python benchmark.py --candidate-version normv5 --host ion8-h200,h200_diffusion_norm_infer__multi_shape,,/home/sglang-omni/bbuf/kda_runs/h200_diffusion_norm_infer__multi_shape/s20260601-232934,,,,,,
2026-06-04T11:09:04.148182+00:00,symmetric_leg,helios__f32__M8640N5120,torch.float32,median_us,,,,111.0000,111.3488,2.4285,107.4600,109.2120,113.3590,90.9770,3890.4,ion8-h200,0,NVIDIA H200,84e1108312,baseline-copy@84e1108312,30,200,python3 benchmark_symmetric.py --sglang-commit 84e1108312 --candidate-version normv5 --warmup 30 --iters 200 --csv /home/sglang-omni/bbuf/kda_runs/h200_diffusion_norm_infer__multi_shape/r20260604-rlcr184616/results_r0_normv5_v2.csv --notes continuation r0 honest re-measurement (two-pass: wall + batched-device),h200_diffusion_norm_infer__multi_shape,"continuation r0 honest re-measurement (two-pass: wall + batched-device) | idle_gate={""before"": {""util"": 0, ""mem_mib"": 0, ""apps"": 0}, ""after"": {""util"": 12, ""mem_mib"": 619, ""apps"": 1}}",/home/sglang-omni/bbuf/kda_runs/h200_diffusion_norm_infer__multi_shape/r20260604-rlcr184616,local_copied_triton_baseline,none-local-both-legs,90.9770,111.0000,20.0230,true
2026-06-04T11:09:04.148182+00:00,symmetric_leg,helios__f32__M8640N5120,torch.float32,median_us,,,,103.4834,103.6405,1.5118,100.4189,102.0320,105.0159,89.5335,3953.1,ion8-h200,0,NVIDIA H200,84e1108312,normv5,30,200,python3 benchmark_symmetric.py --sglang-commit 84e1108312 --candidate-version normv5 --warmup 30 --iters 200 --csv /home/sglang-omni/bbuf/kda_runs/h200_diffusion_norm_infer__multi_shape/r20260604-rlcr184616/results_r0_normv5_v2.csv --notes continuation r0 honest re-measurement (two-pass: wall + batched-device),h200_diffusion_norm_infer__multi_shape,"continuation r0 honest re-measurement (two-pass: wall + batched-device) | idle_gate={""before"": {""util"": 0, ""mem_mib"": 0, ""apps"": 0}, ""after"": {""util"": 12, ""mem_mib"": 619, ""apps"": 1}}",/home/sglang-omni/bbuf/kda_runs/h200_diffusion_norm_infer__multi_shape/r20260604-rlcr184616,local_dispatcher_tvmffi,none-local-both-legs,89.5335,103.4834,13.9499,true
2026-06-04T11:09:04.148182+00:00,symmetric_device_fair,helios__f32__M8640N5120,torch.float32,median_us,111.0000,103.4834,1.0726,,,,,,,,,ion8-h200,0,NVIDIA H200,84e1108312,normv5,30,200,python3 benchmark_symmetric.py --sglang-commit 84e1108312 --candidate-version normv5 --warmup 30 --iters 200 --csv /home/sglang-omni/bbuf/kda_runs/h200_diffusion_norm_infer__multi_shape/r20260604-rlcr184616/results_r0_normv5_v2.csv --notes continuation r0 honest re-measurement (two-pass: wall + batched-device),h200_diffusion_norm_infer__multi_shape,"{""device_speedup_x"": 1.0161, ""baseline_device_us"": 90.977, ""baseline_host_delta_us"": 20.023, ""control_floor"": {""wall_floor_us"": 4.817, ""device_floor_us"": 0.214}} | idle_gate={""before"": {""util"": 0, ""mem_mib"": 0, ""apps"": 0}, ""after"": {""util"": 12, ""mem_mib"": 619, ""apps"": 1}}",/home/sglang-omni/bbuf/kda_runs/h200_diffusion_norm_infer__multi_shape/r20260604-rlcr184616,local_symmetric_pair,none-local-both-legs,89.5335,103.4834,13.9499,true
2026-06-04T11:09:04.148182+00:00,symmetric_leg,hunyuan__bf16__M648720D128,torch.bfloat16,median_us,,,,104.0391,104.3714,2.2868,101.1500,102.5721,106.1670,81.9725,4051.9,ion8-h200,0,NVIDIA H200,84e1108312,baseline-copy@84e1108312,30,200,python3 benchmark_symmetric.py --sglang-commit 84e1108312 --candidate-version normv5 --warmup 30 --iters 200 --csv /home/sglang-omni/bbuf/kda_runs/h200_diffusion_norm_infer__multi_shape/r20260604-rlcr184616/results_r0_normv5_v2.csv --notes continuation r0 honest re-measurement (two-pass: wall + batched-device),h200_diffusion_norm_infer__multi_shape,"continuation r0 honest re-measurement (two-pass: wall + batched-device) | idle_gate={""before"": {""util"": 0, ""mem_mib"": 0, ""apps"": 0}, ""after"": {""util"": 12, ""mem_mib"": 619, ""apps"": 1}}",/home/sglang-omni/bbuf/kda_runs/h200_diffusion_norm_infer__multi_shape/r20260604-rlcr184616,local_copied_triton_baseline,none-local-both-legs,81.9725,104.0391,22.0666,true
2026-06-04T11:09:04.148182+00:00,symmetric_leg,hunyuan__bf16__M648720D128,torch.bfloat16,median_us,,,,100.8149,100.9689,1.7975,97.3551,98.9572,102.7130,90.3735,3675.2,ion8-h200,0,NVIDIA H200,84e1108312,normv5,30,200,python3 benchmark_symmetric.py --sglang-commit 84e1108312 --candidate-version normv5 --warmup 30 --iters 200 --csv /home/sglang-omni/bbuf/kda_runs/h200_diffusion_norm_infer__multi_shape/r20260604-rlcr184616/results_r0_normv5_v2.csv --notes continuation r0 honest re-measurement (two-pass: wall + batched-device),h200_diffusion_norm_infer__multi_shape,"continuation r0 honest re-measurement (two-pass: wall + batched-device) | idle_gate={""before"": {""util"": 0, ""mem_mib"": 0, ""apps"": 0}, ""after"": {""util"": 12, ""mem_mib"": 619, ""apps"": 1}}",/home/sglang-omni/bbuf/kda_runs/h200_diffusion_norm_infer__multi_shape/r20260604-rlcr184616,local_dispatcher_tvmffi,none-local-both-legs,90.3735,100.8149,10.4414,true
2026-06-04T11:09:04.148182+00:00,symmetric_device_fair,hunyuan__bf16__M648720D128,torch.bfloat16,median_us,104.0391,100.8149,1.0320,,,,,,,,,ion8-h200,0,NVIDIA H200,84e1108312,normv5,30,200,python3 benchmark_symmetric.py --sglang-commit 84e1108312 --candidate-version normv5 --warmup 30 --iters 200 --csv /home/sglang-omni/bbuf/kda_runs/h200_diffusion_norm_infer__multi_shape/r20260604-rlcr184616/results_r0_normv5_v2.csv --notes continuation r0 honest re-measurement (two-pass: wall + batched-device),h200_diffusion_norm_infer__multi_shape,"{""device_speedup_x"": 0.907, ""baseline_device_us"": 81.9725, ""baseline_host_delta_us"": 22.0666, ""control_floor"": {""wall_floor_us"": 4.817, ""device_floor_us"": 0.214}} | idle_gate={""before"": {""util"": 0, ""mem_mib"": 0, ""apps"": 0}, ""after"": {""util"": 12, ""mem_mib"": 619, ""apps"": 1}}",/home/sglang-omni/bbuf/kda_runs/h200_diffusion_norm_infer__multi_shape/r20260604-rlcr184616,local_symmetric_pair,none-local-both-legs,90.3735,100.8149,10.4414,true
2026-06-04T11:09:04.148182+00:00,symmetric_leg,hunyuan__bf16__M1320D128,torch.bfloat16,median_us,,,,26.0934,26.4398,1.9738,24.6870,25.1371,27.9711,18.6800,36.2,ion8-h200,0,NVIDIA H200,84e1108312,baseline-copy@84e1108312,30,200,python3 benchmark_symmetric.py --sglang-commit 84e1108312 --candidate-version normv5 --warmup 30 --iters 200 --csv /home/sglang-omni/bbuf/kda_runs/h200_diffusion_norm_infer__multi_shape/r20260604-rlcr184616/results_r0_normv5_v2.csv --notes continuation r0 honest re-measurement (two-pass: wall + batched-device),h200_diffusion_norm_infer__multi_shape,"continuation r0 honest re-measurement (two-pass: wall + batched-device) | idle_gate={""before"": {""util"": 0, ""mem_mib"": 0, ""apps"": 0}, ""after"": {""util"": 12, ""mem_mib"": 619, ""apps"": 1}}",/home/sglang-omni/bbuf/kda_runs/h200_diffusion_norm_infer__multi_shape/r20260604-rlcr184616,local_copied_triton_baseline,none-local-both-legs,18.6800,26.0934,7.4134,true
2026-06-04T11:09:04.148182+00:00,symmetric_leg,hunyuan__bf16__M1320D128,torch.bfloat16,median_us,,,,16.4194,16.4363,1.7329,14.8821,15.1619,17.3859,9.6755,69.9,ion8-h200,0,NVIDIA H200,84e1108312,normv5,30,200,python3 benchmark_symmetric.py --sglang-commit 84e1108312 --candidate-version normv5 --warmup 30 --iters 200 --csv /home/sglang-omni/bbuf/kda_runs/h200_diffusion_norm_infer__multi_shape/r20260604-rlcr184616/results_r0_normv5_v2.csv --notes continuation r0 honest re-measurement (two-pass: wall + batched-device),h200_diffusion_norm_infer__multi_shape,"continuation r0 honest re-measurement (two-pass: wall + batched-device) | idle_gate={""before"": {""util"": 0, ""mem_mib"": 0, ""apps"": 0}, ""after"": {""util"": 12, ""mem_mib"": 619, ""apps"": 1}}",/home/sglang-omni/bbuf/kda_runs/h200_diffusion_norm_infer__multi_shape/r20260604-rlcr184616,local_dispatcher_tvmffi,none-local-both-legs,9.6755,16.4194,6.7439,true
2026-06-04T11:09:04.148182+00:00,symmetric_device_fair,hunyuan__bf16__M1320D128,torch.bfloat16,median_us,26.0934,16.4194,1.5892,,,,,,,,,ion8-h200,0,NVIDIA H200,84e1108312,normv5,30,200,python3 benchmark_symmetric.py --sglang-commit 84e1108312 --candidate-version normv5 --warmup 30 --iters 200 --csv /home/sglang-omni/bbuf/kda_runs/h200_diffusion_norm_infer__multi_shape/r20260604-rlcr184616/results_r0_normv5_v2.csv --notes continuation r0 honest re-measurement (two-pass: wall + batched-device),h200_diffusion_norm_infer__multi_shape,"{""device_speedup_x"": 1.9306, ""baseline_device_us"": 18.68, ""baseline_host_delta_us"": 7.4134, ""control_floor"": {""wall_floor_us"": 4.817, ""device_floor_us"": 0.214}} | idle_gate={""before"": {""util"": 0, ""mem_mib"": 0, ""apps"": 0}, ""after"": {""util"": 12, ""mem_mib"": 619, ""apps"": 1}}",/home/sglang-omni/bbuf/kda_runs/h200_diffusion_norm_infer__multi_shape/r20260604-rlcr184616,local_symmetric_pair,none-local-both-legs,9.6755,16.4194,6.7439,true
2026-06-04T11:09:04.148182+00:00,symmetric_leg,hunyuan__bf16__M650040D128,torch.bfloat16,median_us,,,,104.0540,104.3368,2.1542,101.3700,102.4520,105.8469,82.2075,4048.5,ion8-h200,0,NVIDIA H200,84e1108312,baseline-copy@84e1108312,30,200,python3 benchmark_symmetric.py --sglang-commit 84e1108312 --candidate-version normv5 --warmup 30 --iters 200 --csv /home/sglang-omni/bbuf/kda_runs/h200_diffusion_norm_infer__multi_shape/r20260604-rlcr184616/results_r0_normv5_v2.csv --notes continuation r0 honest re-measurement (two-pass: wall + batched-device),h200_diffusion_norm_infer__multi_shape,"continuation r0 honest re-measurement (two-pass: wall + batched-device) | idle_gate={""before"": {""util"": 0, ""mem_mib"": 0, ""apps"": 0}, ""after"": {""util"": 12, ""mem_mib"": 619, ""apps"": 1}}",/home/sglang-omni/bbuf/kda_runs/h200_diffusion_norm_infer__multi_shape/r20260604-rlcr184616,local_copied_triton_baseline,none-local-both-legs,82.2075,104.0540,21.8465,true
2026-06-04T11:09:04.148182+00:00,symmetric_leg,hunyuan__bf16__M650040D128,torch.bfloat16,median_us,,,,100.9541,101.1167,1.7221,97.2450,99.2380,102.8730,90.5695,3674.8,ion8-h200,0,NVIDIA H200,84e1108312,normv5,30,200,python3 benchmark_symmetric.py --sglang-commit 84e1108312 --candidate-version normv5 --warmup 30 --iters 200 --csv /home/sglang-omni/bbuf/kda_runs/h200_diffusion_norm_infer__multi_shape/r20260604-rlcr184616/results_r0_normv5_v2.csv --notes continuation r0 honest re-measurement (two-pass: wall + batched-device),h200_diffusion_norm_infer__multi_shape,"continuation r0 honest re-measurement (two-pass: wall + batched-device) | idle_gate={""before"": {""util"": 0, ""mem_mib"": 0, ""apps"": 0}, ""after"": {""util"": 12, ""mem_mib"": 619, ""apps"": 1}}",/home/sglang-omni/bbuf/kda_runs/h200_diffusion_norm_infer__multi_shape/r20260604-rlcr184616,local_dispatcher_tvmffi,none-local-both-legs,90.5695,100.9541,10.3846,true
2026-06-04T11:09:04.148182+00:00,symmetric_device_fair,hunyuan__bf16__M650040D128,torch.bfloat16,median_us,104.0540,100.9541,1.0307,,,,,,,,,ion8-h200,0,NVIDIA H200,84e1108312,normv5,30,200,python3 benchmark_symmetric.py --sglang-commit 84e1108312 --candidate-version normv5 --warmup 30 --iters 200 --csv /home/sglang-omni/bbuf/kda_runs/h200_diffusion_norm_infer__multi_shape/r20260604-rlcr184616/results_r0_normv5_v2.csv --notes continuation r0 honest re-measurement (two-pass: wall + batched-device),h200_diffusion_norm_infer__multi_shape,"{""device_speedup_x"": 0.9077, ""baseline_device_us"": 82.2075, ""baseline_host_delta_us"": 21.8465, ""control_floor"": {""wall_floor_us"": 4.817, ""device_floor_us"": 0.214}} | idle_gate={""before"": {""util"": 0, ""mem_mib"": 0, ""apps"": 0}, ""after"": {""util"": 12, ""mem_mib"": 619, ""apps"": 1}}",/home/sglang-omni/bbuf/kda_runs/h200_diffusion_norm_infer__multi_shape/r20260604-rlcr184616,local_symmetric_pair,none-local-both-legs,90.5695,100.9541,10.3846,true
2026-06-04T11:09:04.148182+00:00,symmetric_leg,zimage__bf16__M16384D128,torch.bfloat16,median_us,,,,26.1590,26.3770,2.0042,24.4670,24.8570,27.5311,18.6710,449.3,ion8-h200,0,NVIDIA H200,84e1108312,baseline-copy@84e1108312,30,200,python3 benchmark_symmetric.py --sglang-commit 84e1108312 --candidate-version normv5 --warmup 30 --iters 200 --csv /home/sglang-omni/bbuf/kda_runs/h200_diffusion_norm_infer__multi_shape/r20260604-rlcr184616/results_r0_normv5_v2.csv --notes continuation r0 honest re-measurement (two-pass: wall + batched-device),h200_diffusion_norm_infer__multi_shape,"continuation r0 honest re-measurement (two-pass: wall + batched-device) | idle_gate={""before"": {""util"": 0, ""mem_mib"": 0, ""apps"": 0}, ""after"": {""util"": 12, ""mem_mib"": 619, ""apps"": 1}}",/home/sglang-omni/bbuf/kda_runs/h200_diffusion_norm_infer__multi_shape/r20260604-rlcr184616,local_copied_triton_baseline,none-local-both-legs,18.6710,26.1590,7.4880,true
2026-06-04T11:09:04.148182+00:00,symmetric_leg,zimage__bf16__M16384D128,torch.bfloat16,median_us,,,,17.6164,17.4603,1.2403,16.3040,16.4951,18.2169,9.6720,867.3,ion8-h200,0,NVIDIA H200,84e1108312,normv5,30,200,python3 benchmark_symmetric.py --sglang-commit 84e1108312 --candidate-version normv5 --warmup 30 --iters 200 --csv /home/sglang-omni/bbuf/kda_runs/h200_diffusion_norm_infer__multi_shape/r20260604-rlcr184616/results_r0_normv5_v2.csv --notes continuation r0 honest re-measurement (two-pass: wall + batched-device),h200_diffusion_norm_infer__multi_shape,"continuation r0 honest re-measurement (two-pass: wall + batched-device) | idle_gate={""before"": {""util"": 0, ""mem_mib"": 0, ""apps"": 0}, ""after"": {""util"": 12, ""mem_mib"": 619, ""apps"": 1}}",/home/sglang-omni/bbuf/kda_runs/h200_diffusion_norm_infer__multi_shape/r20260604-rlcr184616,local_dispatcher_tvmffi,none-local-both-legs,9.6720,17.6164,7.9444,true
2026-06-04T11:09:04.148182+00:00,symmetric_device_fair,zimage__bf16__M16384D128,torch.bfloat16,median_us,26.1590,17.6164,1.4849,,,,,,,,,ion8-h200,0,NVIDIA H200,84e1108312,normv5,30,200,python3 benchmark_symmetric.py --sglang-commit 84e1108312 --candidate-version normv5 --warmup 30 --iters 200 --csv /home/sglang-omni/bbuf/kda_runs/h200_diffusion_norm_infer__multi_shape/r20260604-rlcr184616/results_r0_normv5_v2.csv --notes continuation r0 honest re-measurement (two-pass: wall + batched-device),h200_diffusion_norm_infer__multi_shape,"{""device_speedup_x"": 1.9304, ""baseline_device_us"": 18.671, ""baseline_host_delta_us"": 7.488, ""control_floor"": {""wall_floor_us"": 4.817, ""device_floor_us"": 0.214}} | idle_gate={""before"": {""util"": 0, ""mem_mib"": 0, ""apps"": 0}, ""after"": {""util"": 12, ""mem_mib"": 619, ""apps"": 1}}",/home/sglang-omni/bbuf/kda_runs/h200_diffusion_norm_infer__multi_shape/r20260604-rlcr184616,local_symmetric_pair,none-local-both-legs,9.6720,17.6164,7.9444,true
2026-06-04T11:09:04.148182+00:00,symmetric_leg,zimage__bf16__M4096D128,torch.bfloat16,median_us,,,,25.9834,26.2155,1.8785,24.5972,24.8970,27.2309,18.8275,111.4,ion8-h200,0,NVIDIA H200,84e1108312,baseline-copy@84e1108312,30,200,python3 benchmark_symmetric.py --sglang-commit 84e1108312 --candidate-version normv5 --warmup 30 --iters 200 --csv /home/sglang-omni/bbuf/kda_runs/h200_diffusion_norm_infer__multi_shape/r20260604-rlcr184616/results_r0_normv5_v2.csv --notes continuation r0 honest re-measurement (two-pass: wall + batched-device),h200_diffusion_norm_infer__multi_shape,"continuation r0 honest re-measurement (two-pass: wall + batched-device) | idle_gate={""before"": {""util"": 0, ""mem_mib"": 0, ""apps"": 0}, ""after"": {""util"": 12, ""mem_mib"": 619, ""apps"": 1}}",/home/sglang-omni/bbuf/kda_runs/h200_diffusion_norm_infer__multi_shape/r20260604-rlcr184616,local_copied_triton_baseline,none-local-both-legs,18.8275,25.9834,7.1559,true
2026-06-04T11:09:04.148182+00:00,symmetric_leg,zimage__bf16__M4096D128,torch.bfloat16,median_us,,,,16.3439,16.3511,1.5034,15.0020,15.2031,17.1750,9.6885,216.5,ion8-h200,0,NVIDIA H200,84e1108312,normv5,30,200,python3 benchmark_symmetric.py --sglang-commit 84e1108312 --candidate-version normv5 --warmup 30 --iters 200 --csv /home/sglang-omni/bbuf/kda_runs/h200_diffusion_norm_infer__multi_shape/r20260604-rlcr184616/results_r0_normv5_v2.csv --notes continuation r0 honest re-measurement (two-pass: wall + batched-device),h200_diffusion_norm_infer__multi_shape,"continuation r0 honest re-measurement (two-pass: wall + batched-device) | idle_gate={""before"": {""util"": 0, ""mem_mib"": 0, ""apps"": 0}, ""after"": {""util"": 12, ""mem_mib"": 619, ""apps"": 1}}",/home/sglang-omni/bbuf/kda_runs/h200_diffusion_norm_infer__multi_shape/r20260604-rlcr184616,local_dispatcher_tvmffi,none-local-both-legs,9.6885,16.3439,6.6554,true
2026-06-04T11:09:04.148182+00:00,symmetric_device_fair,zimage__bf16__M4096D128,torch.bfloat16,median_us,25.9834,16.3439,1.5898,,,,,,,,,ion8-h200,0,NVIDIA H200,84e1108312,normv5,30,200,python3 benchmark_symmetric.py --sglang-commit 84e1108312 --candidate-version normv5 --warmup 30 --iters 200 --csv /home/sglang-omni/bbuf/kda_runs/h200_diffusion_norm_infer__multi_shape/r20260604-rlcr184616/results_r0_normv5_v2.csv --notes continuation r0 honest re-measurement (two-pass: wall + batched-device),h200_diffusion_norm_infer__multi_shape,"{""device_speedup_x"": 1.9433, ""baseline_device_us"": 18.8275, ""baseline_host_delta_us"": 7.1559, ""control_floor"": {""wall_floor_us"": 4.817, ""device_floor_us"": 0.214}} | idle_gate={""before"": {""util"": 0, ""mem_mib"": 0, ""apps"": 0}, ""after"": {""util"": 12, ""mem_mib"": 619, ""apps"": 1}}",/home/sglang-omni/bbuf/kda_runs/h200_diffusion_norm_infer__multi_shape/r20260604-rlcr184616,local_symmetric_pair,none-local-both-legs,9.6885,16.3439,6.6554,true
2026-06-04T11:21:52.938044+00:00,symmetric_leg,helios__f32__M8640N5120,torch.float32,median_us,,,,110.6944,111.0966,2.1505,107.5999,109.1722,113.1280,91.0390,3887.7,ion8-h200,0,NVIDIA H200,84e1108312,baseline-copy@84e1108312,30,200,python3 benchmark_symmetric.py --sglang-commit 84e1108312 --candidate-version tilev1 --warmup 30 --iters 200 --csv /home/sglang-omni/bbuf/kda_runs/h200_diffusion_norm_infer__multi_shape/r20260604-rlcr184616/results_r0_tilev1.csv --notes continuation r0 tilev1 (rms tile 8x128 all RMS shapes; LN unchanged),h200_diffusion_norm_infer__multi_shape,"continuation r0 tilev1 (rms tile 8x128 all RMS shapes; LN unchanged) | idle_gate={""before"": {""util"": 0, ""mem_mib"": 0, ""apps"": 0}, ""after"": {""util"": 53, ""mem_mib"": 619, ""apps"": 1}}",/home/sglang-omni/bbuf/kda_runs/h200_diffusion_norm_infer__multi_shape/r20260604-rlcr184616,local_copied_triton_baseline,none-local-both-legs,91.0390,110.6944,19.6554,true
2026-06-04T11:21:52.938044+00:00,symmetric_leg,helios__f32__M8640N5120,torch.float32,median_us,,,,103.2330,103.4261,1.7256,99.9090,101.7710,105.0059,89.4775,3955.6,ion8-h200,0,NVIDIA H200,84e1108312,tilev1,30,200,python3 benchmark_symmetric.py --sglang-commit 84e1108312 --candidate-version tilev1 --warmup 30 --iters 200 --csv /home/sglang-omni/bbuf/kda_runs/h200_diffusion_norm_infer__multi_shape/r20260604-rlcr184616/results_r0_tilev1.csv --notes continuation r0 tilev1 (rms tile 8x128 all RMS shapes; LN unchanged),h200_diffusion_norm_infer__multi_shape,"continuation r0 tilev1 (rms tile 8x128 all RMS shapes; LN unchanged) | idle_gate={""before"": {""util"": 0, ""mem_mib"": 0, ""apps"": 0}, ""after"": {""util"": 53, ""mem_mib"": 619, ""apps"": 1}}",/home/sglang-omni/bbuf/kda_runs/h200_diffusion_norm_infer__multi_shape/r20260604-rlcr184616,local_dispatcher_tvmffi,none-local-both-legs,89.4775,103.2330,13.7555,true
2026-06-04T11:21:52.938044+00:00,symmetric_device_fair,helios__f32__M8640N5120,torch.float32,median_us,110.6944,103.2330,1.0723,,,,,,,,,ion8-h200,0,NVIDIA H200,84e1108312,tilev1,30,200,python3 benchmark_symmetric.py --sglang-commit 84e1108312 --candidate-version tilev1 --warmup 30 --iters 200 --csv /home/sglang-omni/bbuf/kda_runs/h200_diffusion_norm_infer__multi_shape/r20260604-rlcr184616/results_r0_tilev1.csv --notes continuation r0 tilev1 (rms tile 8x128 all RMS shapes; LN unchanged),h200_diffusion_norm_infer__multi_shape,"{""device_speedup_x"": 1.0175, ""baseline_device_us"": 91.039, ""baseline_host_delta_us"": 19.6554, ""control_floor"": {""wall_floor_us"": 4.787, ""device_floor_us"": 0.2165}} | idle_gate={""before"": {""util"": 0, ""mem_mib"": 0, ""apps"": 0}, ""after"": {""util"": 53, ""mem_mib"": 619, ""apps"": 1}}",/home/sglang-omni/bbuf/kda_runs/h200_diffusion_norm_infer__multi_shape/r20260604-rlcr184616,local_symmetric_pair,none-local-both-legs,89.4775,103.2330,13.7555,true
2026-06-04T11:21:52.938044+00:00,symmetric_leg,hunyuan__bf16__M648720D128,torch.bfloat16,median_us,,,,104.3549,104.6924,2.0681,101.7509,103.2830,105.9070,82.0180,4049.7,ion8-h200,0,NVIDIA H200,84e1108312,baseline-copy@84e1108312,30,200,python3 benchmark_symmetric.py --sglang-commit 84e1108312 --candidate-version tilev1 --warmup 30 --iters 200 --csv /home/sglang-omni/bbuf/kda_runs/h200_diffusion_norm_infer__multi_shape/r20260604-rlcr184616/results_r0_tilev1.csv --notes continuation r0 tilev1 (rms tile 8x128 all RMS shapes; LN unchanged),h200_diffusion_norm_infer__multi_shape,"continuation r0 tilev1 (rms tile 8x128 all RMS shapes; LN unchanged) | idle_gate={""before"": {""util"": 0, ""mem_mib"": 0, ""apps"": 0}, ""after"": {""util"": 53, ""mem_mib"": 619, ""apps"": 1}}",/home/sglang-omni/bbuf/kda_runs/h200_diffusion_norm_infer__multi_shape/r20260604-rlcr184616,local_copied_triton_baseline,none-local-both-legs,82.0180,104.3549,22.3369,true
2026-06-04T11:21:52.938044+00:00,symmetric_leg,hunyuan__bf16__M648720D128,torch.bfloat16,median_us,,,,94.9709,94.8062,1.1556,92.9581,93.4680,96.2829,81.0340,4098.8,ion8-h200,0,NVIDIA H200,84e1108312,tilev1,30,200,python3 benchmark_symmetric.py --sglang-commit 84e1108312 --candidate-version tilev1 --warmup 30 --iters 200 --csv /home/sglang-omni/bbuf/kda_runs/h200_diffusion_norm_infer__multi_shape/r20260604-rlcr184616/results_r0_tilev1.csv --notes continuation r0 tilev1 (rms tile 8x128 all RMS shapes; LN unchanged),h200_diffusion_norm_infer__multi_shape,"continuation r0 tilev1 (rms tile 8x128 all RMS shapes; LN unchanged) | idle_gate={""before"": {""util"": 0, ""mem_mib"": 0, ""apps"": 0}, ""after"": {""util"": 53, ""mem_mib"": 619, ""apps"": 1}}",/home/sglang-omni/bbuf/kda_runs/h200_diffusion_norm_infer__multi_shape/r20260604-rlcr184616,local_dispatcher_tvmffi,none-local-both-legs,81.0340,94.9709,13.9369,true
2026-06-04T11:21:52.938044+00:00,symmetric_device_fair,hunyuan__bf16__M648720D128,torch.bfloat16,median_us,104.3549,94.9709,1.0988,,,,,,,,,ion8-h200,0,NVIDIA H200,84e1108312,tilev1,30,200,python3 benchmark_symmetric.py --sglang-commit 84e1108312 --candidate-version tilev1 --warmup 30 --iters 200 --csv /home/sglang-omni/bbuf/kda_runs/h200_diffusion_norm_infer__multi_shape/r20260604-rlcr184616/results_r0_tilev1.csv --notes continuation r0 tilev1 (rms tile 8x128 all RMS shapes; LN unchanged),h200_diffusion_norm_infer__multi_shape,"{""device_speedup_x"": 1.0121, ""baseline_device_us"": 82.018, ""baseline_host_delta_us"": 22.3369, ""control_floor"": {""wall_floor_us"": 4.787, ""device_floor_us"": 0.2165}} | idle_gate={""before"": {""util"": 0, ""mem_mib"": 0, ""apps"": 0}, ""after"": {""util"": 53, ""mem_mib"": 619, ""apps"": 1}}",/home/sglang-omni/bbuf/kda_runs/h200_diffusion_norm_infer__multi_shape/r20260604-rlcr184616,local_symmetric_pair,none-local-both-legs,81.0340,94.9709,13.9369,true
2026-06-04T11:21:52.938044+00:00,symmetric_leg,hunyuan__bf16__M1320D128,torch.bfloat16,median_us,,,,25.7230,26.3048,2.8123,24.7771,25.0670,27.3210,19.0920,35.4,ion8-h200,0,NVIDIA H200,84e1108312,baseline-copy@84e1108312,30,200,python3 benchmark_symmetric.py --sglang-commit 84e1108312 --candidate-version tilev1 --warmup 30 --iters 200 --csv /home/sglang-omni/bbuf/kda_runs/h200_diffusion_norm_infer__multi_shape/r20260604-rlcr184616/results_r0_tilev1.csv --notes continuation r0 tilev1 (rms tile 8x128 all RMS shapes; LN unchanged),h200_diffusion_norm_infer__multi_shape,"continuation r0 tilev1 (rms tile 8x128 all RMS shapes; LN unchanged) | idle_gate={""before"": {""util"": 0, ""mem_mib"": 0, ""apps"": 0}, ""after"": {""util"": 53, ""mem_mib"": 619, ""apps"": 1}}",/home/sglang-omni/bbuf/kda_runs/h200_diffusion_norm_infer__multi_shape/r20260604-rlcr184616,local_copied_triton_baseline,none-local-both-legs,19.0920,25.7230,6.6310,true
2026-06-04T11:21:52.938044+00:00,symmetric_leg,hunyuan__bf16__M1320D128,torch.bfloat16,median_us,,,,16.0035,15.9357,1.4171,14.6120,14.8320,16.8150,9.2450,73.1,ion8-h200,0,NVIDIA H200,84e1108312,tilev1,30,200,python3 benchmark_symmetric.py --sglang-commit 84e1108312 --candidate-version tilev1 --warmup 30 --iters 200 --csv /home/sglang-omni/bbuf/kda_runs/h200_diffusion_norm_infer__multi_shape/r20260604-rlcr184616/results_r0_tilev1.csv --notes continuation r0 tilev1 (rms tile 8x128 all RMS shapes; LN unchanged),h200_diffusion_norm_infer__multi_shape,"continuation r0 tilev1 (rms tile 8x128 all RMS shapes; LN unchanged) | idle_gate={""before"": {""util"": 0, ""mem_mib"": 0, ""apps"": 0}, ""after"": {""util"": 53, ""mem_mib"": 619, ""apps"": 1}}",/home/sglang-omni/bbuf/kda_runs/h200_diffusion_norm_infer__multi_shape/r20260604-rlcr184616,local_dispatcher_tvmffi,none-local-both-legs,9.2450,16.0035,6.7585,true
2026-06-04T11:21:52.938044+00:00,symmetric_device_fair,hunyuan__bf16__M1320D128,torch.bfloat16,median_us,25.7230,16.0035,1.6073,,,,,,,,,ion8-h200,0,NVIDIA H200,84e1108312,tilev1,30,200,python3 benchmark_symmetric.py --sglang-commit 84e1108312 --candidate-version tilev1 --warmup 30 --iters 200 --csv /home/sglang-omni/bbuf/kda_runs/h200_diffusion_norm_infer__multi_shape/r20260604-rlcr184616/results_r0_tilev1.csv --notes continuation r0 tilev1 (rms tile 8x128 all RMS shapes; LN unchanged),h200_diffusion_norm_infer__multi_shape,"{""device_speedup_x"": 2.0651, ""baseline_device_us"": 19.092, ""baseline_host_delta_us"": 6.631, ""control_floor"": {""wall_floor_us"": 4.787, ""device_floor_us"": 0.2165}} | idle_gate={""before"": {""util"": 0, ""mem_mib"": 0, ""apps"": 0}, ""after"": {""util"": 53, ""mem_mib"": 619, ""apps"": 1}}",/home/sglang-omni/bbuf/kda_runs/h200_diffusion_norm_infer__multi_shape/r20260604-rlcr184616,local_symmetric_pair,none-local-both-legs,9.2450,16.0035,6.7585,true
2026-06-04T11:21:52.938044+00:00,symmetric_leg,hunyuan__bf16__M650040D128,torch.bfloat16,median_us,,,,104.2089,104.5542,1.6163,101.9021,103.3240,105.9580,82.1935,4049.2,ion8-h200,0,NVIDIA H200,84e1108312,baseline-copy@84e1108312,30,200,python3 benchmark_symmetric.py --sglang-commit 84e1108312 --candidate-version tilev1 --warmup 30 --iters 200 --csv /home/sglang-omni/bbuf/kda_runs/h200_diffusion_norm_infer__multi_shape/r20260604-rlcr184616/results_r0_tilev1.csv --notes continuation r0 tilev1 (rms tile 8x128 all RMS shapes; LN unchanged),h200_diffusion_norm_infer__multi_shape,"continuation r0 tilev1 (rms tile 8x128 all RMS shapes; LN unchanged) | idle_gate={""before"": {""util"": 0, ""mem_mib"": 0, ""apps"": 0}, ""after"": {""util"": 53, ""mem_mib"": 619, ""apps"": 1}}",/home/sglang-omni/bbuf/kda_runs/h200_diffusion_norm_infer__multi_shape/r20260604-rlcr184616,local_copied_triton_baseline,none-local-both-legs,82.1935,104.2089,22.0154,true
2026-06-04T11:21:52.938044+00:00,symmetric_leg,hunyuan__bf16__M650040D128,torch.bfloat16,median_us,,,,94.7701,94.8274,1.2342,91.8359,93.5590,96.0720,81.2775,4094.9,ion8-h200,0,NVIDIA H200,84e1108312,tilev1,30,200,python3 benchmark_symmetric.py --sglang-commit 84e1108312 --candidate-version tilev1 --warmup 30 --iters 200 --csv /home/sglang-omni/bbuf/kda_runs/h200_diffusion_norm_infer__multi_shape/r20260604-rlcr184616/results_r0_tilev1.csv --notes continuation r0 tilev1 (rms tile 8x128 all RMS shapes; LN unchanged),h200_diffusion_norm_infer__multi_shape,"continuation r0 tilev1 (rms tile 8x128 all RMS shapes; LN unchanged) | idle_gate={""before"": {""util"": 0, ""mem_mib"": 0, ""apps"": 0}, ""after"": {""util"": 53, ""mem_mib"": 619, ""apps"": 1}}",/home/sglang-omni/bbuf/kda_runs/h200_diffusion_norm_infer__multi_shape/r20260604-rlcr184616,local_dispatcher_tvmffi,none-local-both-legs,81.2775,94.7701,13.4926,true
2026-06-04T11:21:52.938044+00:00,symmetric_device_fair,hunyuan__bf16__M650040D128,torch.bfloat16,median_us,104.2089,94.7701,1.0996,,,,,,,,,ion8-h200,0,NVIDIA H200,84e1108312,tilev1,30,200,python3 benchmark_symmetric.py --sglang-commit 84e1108312 --candidate-version tilev1 --warmup 30 --iters 200 --csv /home/sglang-omni/bbuf/kda_runs/h200_diffusion_norm_infer__multi_shape/r20260604-rlcr184616/results_r0_tilev1.csv --notes continuation r0 tilev1 (rms tile 8x128 all RMS shapes; LN unchanged),h200_diffusion_norm_infer__multi_shape,"{""device_speedup_x"": 1.0113, ""baseline_device_us"": 82.1935, ""baseline_host_delta_us"": 22.0154, ""control_floor"": {""wall_floor_us"": 4.787, ""device_floor_us"": 0.2165}} | idle_gate={""before"": {""util"": 0, ""mem_mib"": 0, ""apps"": 0}, ""after"": {""util"": 53, ""mem_mib"": 619, ""apps"": 1}}",/home/sglang-omni/bbuf/kda_runs/h200_diffusion_norm_infer__multi_shape/r20260604-rlcr184616,local_symmetric_pair,none-local-both-legs,81.2775,94.7701,13.4926,true
2026-06-04T11:21:52.938044+00:00,symmetric_leg,zimage__bf16__M16384D128,torch.bfloat16,median_us,,,,26.1185,26.6348,2.2560,24.9271,25.2381,27.5411,19.0805,439.7,ion8-h200,0,NVIDIA H200,84e1108312,baseline-copy@84e1108312,30,200,python3 benchmark_symmetric.py --sglang-commit 84e1108312 --candidate-version tilev1 --warmup 30 --iters 200 --csv /home/sglang-omni/bbuf/kda_runs/h200_diffusion_norm_infer__multi_shape/r20260604-rlcr184616/results_r0_tilev1.csv --notes continuation r0 tilev1 (rms tile 8x128 all RMS shapes; LN unchanged),h200_diffusion_norm_infer__multi_shape,"continuation r0 tilev1 (rms tile 8x128 all RMS shapes; LN unchanged) | idle_gate={""before"": {""util"": 0, ""mem_mib"": 0, ""apps"": 0}, ""after"": {""util"": 53, ""mem_mib"": 619, ""apps"": 1}}",/home/sglang-omni/bbuf/kda_runs/h200_diffusion_norm_infer__multi_shape/r20260604-rlcr184616,local_copied_triton_baseline,none-local-both-legs,19.0805,26.1185,7.0380,true
2026-06-04T11:21:52.938044+00:00,symmetric_leg,zimage__bf16__M16384D128,torch.bfloat16,median_us,,,,17.0299,16.8979,1.1864,15.8339,15.9841,17.6162,9.2445,907.4,ion8-h200,0,NVIDIA H200,84e1108312,tilev1,30,200,python3 benchmark_symmetric.py --sglang-commit 84e1108312 --candidate-version tilev1 --warmup 30 --iters 200 --csv /home/sglang-omni/bbuf/kda_runs/h200_diffusion_norm_infer__multi_shape/r20260604-rlcr184616/results_r0_tilev1.csv --notes continuation r0 tilev1 (rms tile 8x128 all RMS shapes; LN unchanged),h200_diffusion_norm_infer__multi_shape,"continuation r0 tilev1 (rms tile 8x128 all RMS shapes; LN unchanged) | idle_gate={""before"": {""util"": 0, ""mem_mib"": 0, ""apps"": 0}, ""after"": {""util"": 53, ""mem_mib"": 619, ""apps"": 1}}",/home/sglang-omni/bbuf/kda_runs/h200_diffusion_norm_infer__multi_shape/r20260604-rlcr184616,local_dispatcher_tvmffi,none-local-both-legs,9.2445,17.0299,7.7854,true
2026-06-04T11:21:52.938044+00:00,symmetric_device_fair,zimage__bf16__M16384D128,torch.bfloat16,median_us,26.1185,17.0299,1.5337,,,,,,,,,ion8-h200,0,NVIDIA H200,84e1108312,tilev1,30,200,python3 benchmark_symmetric.py --sglang-commit 84e1108312 --candidate-version tilev1 --warmup 30 --iters 200 --csv /home/sglang-omni/bbuf/kda_runs/h200_diffusion_norm_infer__multi_shape/r20260604-rlcr184616/results_r0_tilev1.csv --notes continuation r0 tilev1 (rms tile 8x128 all RMS shapes; LN unchanged),h200_diffusion_norm_infer__multi_shape,"{""device_speedup_x"": 2.064, ""baseline_device_us"": 19.0805, ""baseline_host_delta_us"": 7.038, ""control_floor"": {""wall_floor_us"": 4.787, ""device_floor_us"": 0.2165}} | idle_gate={""before"": {""util"": 0, ""mem_mib"": 0, ""apps"": 0}, ""after"": {""util"": 53, ""mem_mib"": 619, ""apps"": 1}}",/home/sglang-omni/bbuf/kda_runs/h200_diffusion_norm_infer__multi_shape/r20260604-rlcr184616,local_symmetric_pair,none-local-both-legs,9.2445,17.0299,7.7854,true
2026-06-04T11:21:52.938044+00:00,symmetric_leg,zimage__bf16__M4096D128,torch.bfloat16,median_us,,,,25.9785,26.4530,2.0451,24.7371,25.2069,27.6610,18.9805,110.5,ion8-h200,0,NVIDIA H200,84e1108312,baseline-copy@84e1108312,30,200,python3 benchmark_symmetric.py --sglang-commit 84e1108312 --candidate-version tilev1 --warmup 30 --iters 200 --csv /home/sglang-omni/bbuf/kda_runs/h200_diffusion_norm_infer__multi_shape/r20260604-rlcr184616/results_r0_tilev1.csv --notes continuation r0 tilev1 (rms tile 8x128 all RMS shapes; LN unchanged),h200_diffusion_norm_infer__multi_shape,"continuation r0 tilev1 (rms tile 8x128 all RMS shapes; LN unchanged) | idle_gate={""before"": {""util"": 0, ""mem_mib"": 0, ""apps"": 0}, ""after"": {""util"": 53, ""mem_mib"": 619, ""apps"": 1}}",/home/sglang-omni/bbuf/kda_runs/h200_diffusion_norm_infer__multi_shape/r20260604-rlcr184616,local_copied_triton_baseline,none-local-both-legs,18.9805,25.9785,6.9980,true
2026-06-04T11:21:52.938044+00:00,symmetric_leg,zimage__bf16__M4096D128,torch.bfloat16,median_us,,,,16.1290,15.9525,1.0254,14.8120,14.9820,16.7452,9.2875,225.8,ion8-h200,0,NVIDIA H200,84e1108312,tilev1,30,200,python3 benchmark_symmetric.py --sglang-commit 84e1108312 --candidate-version tilev1 --warmup 30 --iters 200 --csv /home/sglang-omni/bbuf/kda_runs/h200_diffusion_norm_infer__multi_shape/r20260604-rlcr184616/results_r0_tilev1.csv --notes continuation r0 tilev1 (rms tile 8x128 all RMS shapes; LN unchanged),h200_diffusion_norm_infer__multi_shape,"continuation r0 tilev1 (rms tile 8x128 all RMS shapes; LN unchanged) | idle_gate={""before"": {""util"": 0, ""mem_mib"": 0, ""apps"": 0}, ""after"": {""util"": 53, ""mem_mib"": 619, ""apps"": 1}}",/home/sglang-omni/bbuf/kda_runs/h200_diffusion_norm_infer__multi_shape/r20260604-rlcr184616,local_dispatcher_tvmffi,none-local-both-legs,9.2875,16.1290,6.8415,true
2026-06-04T11:21:52.938044+00:00,symmetric_device_fair,zimage__bf16__M4096D128,torch.bfloat16,median_us,25.9785,16.1290,1.6107,,,,,,,,,ion8-h200,0,NVIDIA H200,84e1108312,tilev1,30,200,python3 benchmark_symmetric.py --sglang-commit 84e1108312 --candidate-version tilev1 --warmup 30 --iters 200 --csv /home/sglang-omni/bbuf/kda_runs/h200_diffusion_norm_infer__multi_shape/r20260604-rlcr184616/results_r0_tilev1.csv --notes continuation r0 tilev1 (rms tile 8x128 all RMS shapes; LN unchanged),h200_diffusion_norm_infer__multi_shape,"{""device_speedup_x"": 2.0437, ""baseline_device_us"": 18.9805, ""baseline_host_delta_us"": 6.998, ""control_floor"": {""wall_floor_us"": 4.787, ""device_floor_us"": 0.2165}} | idle_gate={""before"": {""util"": 0, ""mem_mib"": 0, ""apps"": 0}, ""after"": {""util"": 53, ""mem_mib"": 619, ""apps"": 1}}",/home/sglang-omni/bbuf/kda_runs/h200_diffusion_norm_infer__multi_shape/r20260604-rlcr184616,local_symmetric_pair,none-local-both-legs,9.2875,16.1290,6.8415,true
2026-06-04T11:43:54.900141+00:00,intree_arbiter_leg,helios__f32__M8640N5120,torch.float32,median_us,,,,111.2927,,,,,,90.9633,,ion8-h200,0,NVIDIA H200,84e1108312,triton-baseline@84e1108312,30,200,"PYTHONPATH=<worktree>/python python3 bench_intree_arbiter.py --toggle {off,on} --iters 200 (2 alternated pairs; pair2 +probes)",h200_diffusion_norm_infer__multi_shape,"mean of 2 alternated runs (arbiter_off_{1,2}); per-run stats in REMOTE_KDA_DIR jsons; gates idle before/after each run",/home/sglang-omni/bbuf/kda_runs/h200_diffusion_norm_infer__multi_shape/r20260604-rlcr184616,intree_public_op_native_off,custom-op-byte-identical-both-runs,90.9633,111.2927,20.3294,"run-alternated(off,on,off,on)"
2026-06-04T11:43:54.900141+00:00,intree_arbiter_leg,helios__f32__M8640N5120,torch.float32,median_us,,,,100.1787,,,,,,89.3012,,ion8-h200,0,NVIDIA H200,84e1108312,tilev1-intree,30,200,"PYTHONPATH=<worktree>/python python3 bench_intree_arbiter.py --toggle {off,on} --iters 200 (2 alternated pairs; pair2 +probes)",h200_diffusion_norm_infer__multi_shape,"mean of 2 alternated runs (arbiter_on_{1,2}); per-run stats in REMOTE_KDA_DIR jsons; gates idle before/after each run",/home/sglang-omni/bbuf/kda_runs/h200_diffusion_norm_infer__multi_shape/r20260604-rlcr184616,intree_public_op_native_on,custom-op-byte-identical-both-runs,89.3012,100.1787,10.8774,"run-alternated(off,on,off,on)"
2026-06-04T11:43:54.900141+00:00,intree_arbiter,helios__f32__M8640N5120,torch.float32,median_us,111.2927,100.1787,1.1109,,,,,,,,,ion8-h200,0,NVIDIA H200,84e1108312,tilev1-intree,30,200,"PYTHONPATH=<worktree>/python python3 bench_intree_arbiter.py --toggle {off,on} --iters 200 (2 alternated pairs; pair2 +probes)",h200_diffusion_norm_infer__multi_shape,"{""device_rate_speedup_x"": 1.0186, ""off_device_us"": 90.9633, ""off_host_delta_us"": 20.3294}",/home/sglang-omni/bbuf/kda_runs/h200_diffusion_norm_infer__multi_shape/r20260604-rlcr184616,intree_public_op_toggle_pair,custom-op-byte-identical-both-runs,89.3012,100.1787,10.8774,"run-alternated(off,on,off,on)"
2026-06-04T11:43:54.900141+00:00,intree_arbiter_leg,hunyuan__bf16__M648720D128,torch.bfloat16,median_us,,,,108.8115,,,,,,81.8692,,ion8-h200,0,NVIDIA H200,84e1108312,triton-baseline@84e1108312,30,200,"PYTHONPATH=<worktree>/python python3 bench_intree_arbiter.py --toggle {off,on} --iters 200 (2 alternated pairs; pair2 +probes)",h200_diffusion_norm_infer__multi_shape,"mean of 2 alternated runs (arbiter_off_{1,2}); per-run stats in REMOTE_KDA_DIR jsons; gates idle before/after each run",/home/sglang-omni/bbuf/kda_runs/h200_diffusion_norm_infer__multi_shape/r20260604-rlcr184616,intree_public_op_native_off,custom-op-byte-identical-both-runs,81.8692,108.8115,26.9423,"run-alternated(off,on,off,on)"
2026-06-04T11:43:54.900141+00:00,intree_arbiter_leg,hunyuan__bf16__M648720D128,torch.bfloat16,median_us,,,,95.4417,,,,,,81.1312,,ion8-h200,0,NVIDIA H200,84e1108312,tilev1-intree,30,200,"PYTHONPATH=<worktree>/python python3 bench_intree_arbiter.py --toggle {off,on} --iters 200 (2 alternated pairs; pair2 +probes)",h200_diffusion_norm_infer__multi_shape,"mean of 2 alternated runs (arbiter_on_{1,2}); per-run stats in REMOTE_KDA_DIR jsons; gates idle before/after each run",/home/sglang-omni/bbuf/kda_runs/h200_diffusion_norm_infer__multi_shape/r20260604-rlcr184616,intree_public_op_native_on,custom-op-byte-identical-both-runs,81.1312,95.4417,14.3105,"run-alternated(off,on,off,on)"
2026-06-04T11:43:54.900141+00:00,intree_arbiter,hunyuan__bf16__M648720D128,torch.bfloat16,median_us,108.8115,95.4417,1.1401,,,,,,,,,ion8-h200,0,NVIDIA H200,84e1108312,tilev1-intree,30,200,"PYTHONPATH=<worktree>/python python3 bench_intree_arbiter.py --toggle {off,on} --iters 200 (2 alternated pairs; pair2 +probes)",h200_diffusion_norm_infer__multi_shape,"{""device_rate_speedup_x"": 1.0091, ""off_device_us"": 81.8692, ""off_host_delta_us"": 26.9423}",/home/sglang-omni/bbuf/kda_runs/h200_diffusion_norm_infer__multi_shape/r20260604-rlcr184616,intree_public_op_toggle_pair,custom-op-byte-identical-both-runs,81.1312,95.4417,14.3105,"run-alternated(off,on,off,on)"
2026-06-04T11:43:54.900141+00:00,intree_arbiter_leg,hunyuan__bf16__M1320D128,torch.bfloat16,median_us,,,,33.3073,,,,,,24.6303,,ion8-h200,0,NVIDIA H200,84e1108312,triton-baseline@84e1108312,30,200,"PYTHONPATH=<worktree>/python python3 bench_intree_arbiter.py --toggle {off,on} --iters 200 (2 alternated pairs; pair2 +probes)",h200_diffusion_norm_infer__multi_shape,"mean of 2 alternated runs (arbiter_off_{1,2}); per-run stats in REMOTE_KDA_DIR jsons; gates idle before/after each run",/home/sglang-omni/bbuf/kda_runs/h200_diffusion_norm_infer__multi_shape/r20260604-rlcr184616,intree_public_op_native_off,custom-op-byte-identical-both-runs,24.6303,33.3073,8.6770,"run-alternated(off,on,off,on)"
2026-06-04T11:43:54.900141+00:00,intree_arbiter_leg,hunyuan__bf16__M1320D128,torch.bfloat16,median_us,,,,17.7387,,,,,,11.3852,,ion8-h200,0,NVIDIA H200,84e1108312,tilev1-intree,30,200,"PYTHONPATH=<worktree>/python python3 bench_intree_arbiter.py --toggle {off,on} --iters 200 (2 alternated pairs; pair2 +probes)",h200_diffusion_norm_infer__multi_shape,"mean of 2 alternated runs (arbiter_on_{1,2}); per-run stats in REMOTE_KDA_DIR jsons; gates idle before/after each run",/home/sglang-omni/bbuf/kda_runs/h200_diffusion_norm_infer__multi_shape/r20260604-rlcr184616,intree_public_op_native_on,custom-op-byte-identical-both-runs,11.3852,17.7387,6.3535,"run-alternated(off,on,off,on)"
2026-06-04T11:43:54.900141+00:00,intree_arbiter,hunyuan__bf16__M1320D128,torch.bfloat16,median_us,33.3073,17.7387,1.8777,,,,,,,,,ion8-h200,0,NVIDIA H200,84e1108312,tilev1-intree,30,200,"PYTHONPATH=<worktree>/python python3 bench_intree_arbiter.py --toggle {off,on} --iters 200 (2 alternated pairs; pair2 +probes)",h200_diffusion_norm_infer__multi_shape,"{""device_rate_speedup_x"": 2.1633, ""off_device_us"": 24.6303, ""off_host_delta_us"": 8.677}",/home/sglang-omni/bbuf/kda_runs/h200_diffusion_norm_infer__multi_shape/r20260604-rlcr184616,intree_public_op_toggle_pair,custom-op-byte-identical-both-runs,11.3852,17.7387,6.3535,"run-alternated(off,on,off,on)"
2026-06-04T11:43:54.900141+00:00,intree_arbiter_leg,hunyuan__bf16__M650040D128,torch.bfloat16,median_us,,,,108.7289,,,,,,82.1672,,ion8-h200,0,NVIDIA H200,84e1108312,triton-baseline@84e1108312,30,200,"PYTHONPATH=<worktree>/python python3 bench_intree_arbiter.py --toggle {off,on} --iters 200 (2 alternated pairs; pair2 +probes)",h200_diffusion_norm_infer__multi_shape,"mean of 2 alternated runs (arbiter_off_{1,2}); per-run stats in REMOTE_KDA_DIR jsons; gates idle before/after each run",/home/sglang-omni/bbuf/kda_runs/h200_diffusion_norm_infer__multi_shape/r20260604-rlcr184616,intree_public_op_native_off,custom-op-byte-identical-both-runs,82.1672,108.7289,26.5617,"run-alternated(off,on,off,on)"
2026-06-04T11:43:54.900141+00:00,intree_arbiter_leg,hunyuan__bf16__M650040D128,torch.bfloat16,median_us,,,,95.6972,,,,,,81.3640,,ion8-h200,0,NVIDIA H200,84e1108312,tilev1-intree,30,200,"PYTHONPATH=<worktree>/python python3 bench_intree_arbiter.py --toggle {off,on} --iters 200 (2 alternated pairs; pair2 +probes)",h200_diffusion_norm_infer__multi_shape,"mean of 2 alternated runs (arbiter_on_{1,2}); per-run stats in REMOTE_KDA_DIR jsons; gates idle before/after each run",/home/sglang-omni/bbuf/kda_runs/h200_diffusion_norm_infer__multi_shape/r20260604-rlcr184616,intree_public_op_native_on,custom-op-byte-identical-both-runs,81.3640,95.6972,14.3332,"run-alternated(off,on,off,on)"
2026-06-04T11:43:54.900141+00:00,intree_arbiter,hunyuan__bf16__M650040D128,torch.bfloat16,median_us,108.7289,95.6972,1.1362,,,,,,,,,ion8-h200,0,NVIDIA H200,84e1108312,tilev1-intree,30,200,"PYTHONPATH=<worktree>/python python3 bench_intree_arbiter.py --toggle {off,on} --iters 200 (2 alternated pairs; pair2 +probes)",h200_diffusion_norm_infer__multi_shape,"{""device_rate_speedup_x"": 1.0099, ""off_device_us"": 82.1672, ""off_host_delta_us"": 26.5617}",/home/sglang-omni/bbuf/kda_runs/h200_diffusion_norm_infer__multi_shape/r20260604-rlcr184616,intree_public_op_toggle_pair,custom-op-byte-identical-both-runs,81.3640,95.6972,14.3332,"run-alternated(off,on,off,on)"
2026-06-04T11:43:54.900141+00:00,intree_arbiter_leg,zimage__bf16__M16384D128,torch.bfloat16,median_us,,,,33.2871,,,,,,24.6365,,ion8-h200,0,NVIDIA H200,84e1108312,triton-baseline@84e1108312,30,200,"PYTHONPATH=<worktree>/python python3 bench_intree_arbiter.py --toggle {off,on} --iters 200 (2 alternated pairs; pair2 +probes)",h200_diffusion_norm_infer__multi_shape,"mean of 2 alternated runs (arbiter_off_{1,2}); per-run stats in REMOTE_KDA_DIR jsons; gates idle before/after each run",/home/sglang-omni/bbuf/kda_runs/h200_diffusion_norm_infer__multi_shape/r20260604-rlcr184616,intree_public_op_native_off,custom-op-byte-identical-both-runs,24.6365,33.2871,8.6506,"run-alternated(off,on,off,on)"
2026-06-04T11:43:54.900141+00:00,intree_arbiter_leg,zimage__bf16__M16384D128,torch.bfloat16,median_us,,,,17.9543,,,,,,11.4012,,ion8-h200,0,NVIDIA H200,84e1108312,tilev1-intree,30,200,"PYTHONPATH=<worktree>/python python3 bench_intree_arbiter.py --toggle {off,on} --iters 200 (2 alternated pairs; pair2 +probes)",h200_diffusion_norm_infer__multi_shape,"mean of 2 alternated runs (arbiter_on_{1,2}); per-run stats in REMOTE_KDA_DIR jsons; gates idle before/after each run",/home/sglang-omni/bbuf/kda_runs/h200_diffusion_norm_infer__multi_shape/r20260604-rlcr184616,intree_public_op_native_on,custom-op-byte-identical-both-runs,11.4012,17.9543,6.5531,"run-alternated(off,on,off,on)"
2026-06-04T11:43:54.900141+00:00,intree_arbiter,zimage__bf16__M16384D128,torch.bfloat16,median_us,33.2871,17.9543,1.8540,,,,,,,,,ion8-h200,0,NVIDIA H200,84e1108312,tilev1-intree,30,200,"PYTHONPATH=<worktree>/python python3 bench_intree_arbiter.py --toggle {off,on} --iters 200 (2 alternated pairs; pair2 +probes)",h200_diffusion_norm_infer__multi_shape,"{""device_rate_speedup_x"": 2.1609, ""off_device_us"": 24.6365, ""off_host_delta_us"": 8.6506}",/home/sglang-omni/bbuf/kda_runs/h200_diffusion_norm_infer__multi_shape/r20260604-rlcr184616,intree_public_op_toggle_pair,custom-op-byte-identical-both-runs,11.4012,17.9543,6.5531,"run-alternated(off,on,off,on)"
2026-06-04T11:43:54.900141+00:00,intree_arbiter_leg,zimage__bf16__M4096D128,torch.bfloat16,median_us,,,,32.2752,,,,,,24.3935,,ion8-h200,0,NVIDIA H200,84e1108312,triton-baseline@84e1108312,30,200,"PYTHONPATH=<worktree>/python python3 bench_intree_arbiter.py --toggle {off,on} --iters 200 (2 alternated pairs; pair2 +probes)",h200_diffusion_norm_infer__multi_shape,"mean of 2 alternated runs (arbiter_off_{1,2}); per-run stats in REMOTE_KDA_DIR jsons; gates idle before/after each run",/home/sglang-omni/bbuf/kda_runs/h200_diffusion_norm_infer__multi_shape/r20260604-rlcr184616,intree_public_op_native_off,custom-op-byte-identical-both-runs,24.3935,32.2752,7.8818,"run-alternated(off,on,off,on)"
2026-06-04T11:43:54.900141+00:00,intree_arbiter_leg,zimage__bf16__M4096D128,torch.bfloat16,median_us,,,,17.7035,,,,,,11.3585,,ion8-h200,0,NVIDIA H200,84e1108312,tilev1-intree,30,200,"PYTHONPATH=<worktree>/python python3 bench_intree_arbiter.py --toggle {off,on} --iters 200 (2 alternated pairs; pair2 +probes)",h200_diffusion_norm_infer__multi_shape,"mean of 2 alternated runs (arbiter_on_{1,2}); per-run stats in REMOTE_KDA_DIR jsons; gates idle before/after each run",/home/sglang-omni/bbuf/kda_runs/h200_diffusion_norm_infer__multi_shape/r20260604-rlcr184616,intree_public_op_native_on,custom-op-byte-identical-both-runs,11.3585,17.7035,6.3450,"run-alternated(off,on,off,on)"
2026-06-04T11:43:54.900141+00:00,intree_arbiter,zimage__bf16__M4096D128,torch.bfloat16,median_us,32.2752,17.7035,1.8231,,,,,,,,,ion8-h200,0,NVIDIA H200,84e1108312,tilev1-intree,30,200,"PYTHONPATH=<worktree>/python python3 bench_intree_arbiter.py --toggle {off,on} --iters 200 (2 alternated pairs; pair2 +probes)",h200_diffusion_norm_infer__multi_shape,"{""device_rate_speedup_x"": 2.1476, ""off_device_us"": 24.3935, ""off_host_delta_us"": 7.8818}",/home/sglang-omni/bbuf/kda_runs/h200_diffusion_norm_infer__multi_shape/r20260604-rlcr184616,intree_public_op_toggle_pair,custom-op-byte-identical-both-runs,11.3585,17.7035,6.3450,"run-alternated(off,on,off,on)"
2026-06-04T11:45:22.001308+00:00,intree_arbiter,GEOMEAN_intree_arbiter,,geomean_wall_median,,,1.4458,,,,,,,,,ion8-h200,0,NVIDIA H200,84e1108312,tilev1-intree,30,200,geomean over 6 intree_arbiter shape rows (off/on pair means),h200_diffusion_norm_infer__multi_shape,device-rate geomean 1.478x; local conservative symmetric geomean 1.314x wall (see dispatch.md); supersedes historical overlay 1.4223x,/home/sglang-omni/bbuf/kda_runs/h200_diffusion_norm_infer__multi_shape/r20260604-rlcr184616,intree_public_op_toggle_pair,custom-op-byte-identical-both-runs,,,,"run-alternated(off,on,off,on)"
2026-06-04T13:22:51.999940+00:00,intree_arbiter_vs_main_leg,helios__f32__M8640N5120,torch.float32,median_us,,,,111.1853,,,,,,90.9243,,ion8-h200,0,NVIDIA H200,8933ec8772(main),triton-baseline@main-8933ec8772,30,200,"PYTHONPATH=<sglang_main_8933ec877 worktree>/python python3 bench_intree_arbiter.py --toggle {off,on} --iters 200 (2 alternated pairs; pair2 +probes)",h200_diffusion_norm_infer__multi_shape,"mean of 2 alternated runs (arbiter_main_*_{1,2}.json in REMOTE_KDA_DIR); idle-gated",/home/sglang-omni/bbuf/kda_runs/h200_diffusion_norm_infer__multi_shape/r20260604-rlcr184616,intree_public_op_native_off,custom-op-byte-identical-both-runs,90.9243,111.1853,20.2610,"run-alternated(off,on,off,on)"
2026-06-04T13:22:51.999940+00:00,intree_arbiter_vs_main_leg,helios__f32__M8640N5120,torch.float32,median_us,,,,100.0910,,,,,,89.1825,,ion8-h200,0,NVIDIA H200,8933ec8772(main),tilev1-intree,30,200,"PYTHONPATH=<sglang_main_8933ec877 worktree>/python python3 bench_intree_arbiter.py --toggle {off,on} --iters 200 (2 alternated pairs; pair2 +probes)",h200_diffusion_norm_infer__multi_shape,"mean of 2 alternated runs (arbiter_main_*_{1,2}.json in REMOTE_KDA_DIR); idle-gated",/home/sglang-omni/bbuf/kda_runs/h200_diffusion_norm_infer__multi_shape/r20260604-rlcr184616,intree_public_op_native_on,custom-op-byte-identical-both-runs,89.1825,100.0910,10.9085,"run-alternated(off,on,off,on)"
2026-06-04T13:22:51.999940+00:00,intree_arbiter_vs_main,helios__f32__M8640N5120,torch.float32,median_us,111.1853,100.0910,1.1108,,,,,,,,,ion8-h200,0,NVIDIA H200,8933ec8772(main),tilev1-intree,30,200,"PYTHONPATH=<sglang_main_8933ec877 worktree>/python python3 bench_intree_arbiter.py --toggle {off,on} --iters 200 (2 alternated pairs; pair2 +probes)",h200_diffusion_norm_infer__multi_shape,"{""device_rate_speedup_x"": 1.0195, ""off_device_us"": 90.9243}",/home/sglang-omni/bbuf/kda_runs/h200_diffusion_norm_infer__multi_shape/r20260604-rlcr184616,intree_public_op_toggle_pair,custom-op-byte-identical-both-runs,89.1825,100.0910,10.9085,"run-alternated(off,on,off,on)"
2026-06-04T13:22:51.999940+00:00,intree_arbiter_vs_main_leg,hunyuan__bf16__M648720D128,torch.bfloat16,median_us,,,,108.4760,,,,,,81.8312,,ion8-h200,0,NVIDIA H200,8933ec8772(main),triton-baseline@main-8933ec8772,30,200,"PYTHONPATH=<sglang_main_8933ec877 worktree>/python python3 bench_intree_arbiter.py --toggle {off,on} --iters 200 (2 alternated pairs; pair2 +probes)",h200_diffusion_norm_infer__multi_shape,"mean of 2 alternated runs (arbiter_main_*_{1,2}.json in REMOTE_KDA_DIR); idle-gated",/home/sglang-omni/bbuf/kda_runs/h200_diffusion_norm_infer__multi_shape/r20260604-rlcr184616,intree_public_op_native_off,custom-op-byte-identical-both-runs,81.8312,108.4760,26.6447,"run-alternated(off,on,off,on)"
2026-06-04T13:22:51.999940+00:00,intree_arbiter_vs_main_leg,hunyuan__bf16__M648720D128,torch.bfloat16,median_us,,,,95.2765,,,,,,81.0228,,ion8-h200,0,NVIDIA H200,8933ec8772(main),tilev1-intree,30,200,"PYTHONPATH=<sglang_main_8933ec877 worktree>/python python3 bench_intree_arbiter.py --toggle {off,on} --iters 200 (2 alternated pairs; pair2 +probes)",h200_diffusion_norm_infer__multi_shape,"mean of 2 alternated runs (arbiter_main_*_{1,2}.json in REMOTE_KDA_DIR); idle-gated",/home/sglang-omni/bbuf/kda_runs/h200_diffusion_norm_infer__multi_shape/r20260604-rlcr184616,intree_public_op_native_on,custom-op-byte-identical-both-runs,81.0228,95.2765,14.2537,"run-alternated(off,on,off,on)"
2026-06-04T13:22:51.999940+00:00,intree_arbiter_vs_main,hunyuan__bf16__M648720D128,torch.bfloat16,median_us,108.4760,95.2765,1.1385,,,,,,,,,ion8-h200,0,NVIDIA H200,8933ec8772(main),tilev1-intree,30,200,"PYTHONPATH=<sglang_main_8933ec877 worktree>/python python3 bench_intree_arbiter.py --toggle {off,on} --iters 200 (2 alternated pairs; pair2 +probes)",h200_diffusion_norm_infer__multi_shape,"{""device_rate_speedup_x"": 1.01, ""off_device_us"": 81.8312}",/home/sglang-omni/bbuf/kda_runs/h200_diffusion_norm_infer__multi_shape/r20260604-rlcr184616,intree_public_op_toggle_pair,custom-op-byte-identical-both-runs,81.0228,95.2765,14.2537,"run-alternated(off,on,off,on)"
2026-06-04T13:22:51.999940+00:00,intree_arbiter_vs_main_leg,hunyuan__bf16__M1320D128,torch.bfloat16,median_us,,,,32.6136,,,,,,24.8717,,ion8-h200,0,NVIDIA H200,8933ec8772(main),triton-baseline@main-8933ec8772,30,200,"PYTHONPATH=<sglang_main_8933ec877 worktree>/python python3 bench_intree_arbiter.py --toggle {off,on} --iters 200 (2 alternated pairs; pair2 +probes)",h200_diffusion_norm_infer__multi_shape,"mean of 2 alternated runs (arbiter_main_*_{1,2}.json in REMOTE_KDA_DIR); idle-gated",/home/sglang-omni/bbuf/kda_runs/h200_diffusion_norm_infer__multi_shape/r20260604-rlcr184616,intree_public_op_native_off,custom-op-byte-identical-both-runs,24.8717,32.6136,7.7418,"run-alternated(off,on,off,on)"
2026-06-04T13:22:51.999940+00:00,intree_arbiter_vs_main_leg,hunyuan__bf16__M1320D128,torch.bfloat16,median_us,,,,17.4488,,,,,,11.2790,,ion8-h200,0,NVIDIA H200,8933ec8772(main),tilev1-intree,30,200,"PYTHONPATH=<sglang_main_8933ec877 worktree>/python python3 bench_intree_arbiter.py --toggle {off,on} --iters 200 (2 alternated pairs; pair2 +probes)",h200_diffusion_norm_infer__multi_shape,"mean of 2 alternated runs (arbiter_main_*_{1,2}.json in REMOTE_KDA_DIR); idle-gated",/home/sglang-omni/bbuf/kda_runs/h200_diffusion_norm_infer__multi_shape/r20260604-rlcr184616,intree_public_op_native_on,custom-op-byte-identical-both-runs,11.2790,17.4488,6.1698,"run-alternated(off,on,off,on)"
2026-06-04T13:22:51.999940+00:00,intree_arbiter_vs_main,hunyuan__bf16__M1320D128,torch.bfloat16,median_us,32.6136,17.4488,1.8691,,,,,,,,,ion8-h200,0,NVIDIA H200,8933ec8772(main),tilev1-intree,30,200,"PYTHONPATH=<sglang_main_8933ec877 worktree>/python python3 bench_intree_arbiter.py --toggle {off,on} --iters 200 (2 alternated pairs; pair2 +probes)",h200_diffusion_norm_infer__multi_shape,"{""device_rate_speedup_x"": 2.2051, ""off_device_us"": 24.8717}",/home/sglang-omni/bbuf/kda_runs/h200_diffusion_norm_infer__multi_shape/r20260604-rlcr184616,intree_public_op_toggle_pair,custom-op-byte-identical-both-runs,11.2790,17.4488,6.1698,"run-alternated(off,on,off,on)"
2026-06-04T13:22:51.999940+00:00,intree_arbiter_vs_main_leg,hunyuan__bf16__M650040D128,torch.bfloat16,median_us,,,,108.7558,,,,,,82.2835,,ion8-h200,0,NVIDIA H200,8933ec8772(main),triton-baseline@main-8933ec8772,30,200,"PYTHONPATH=<sglang_main_8933ec877 worktree>/python python3 bench_intree_arbiter.py --toggle {off,on} --iters 200 (2 alternated pairs; pair2 +probes)",h200_diffusion_norm_infer__multi_shape,"mean of 2 alternated runs (arbiter_main_*_{1,2}.json in REMOTE_KDA_DIR); idle-gated",/home/sglang-omni/bbuf/kda_runs/h200_diffusion_norm_infer__multi_shape/r20260604-rlcr184616,intree_public_op_native_off,custom-op-byte-identical-both-runs,82.2835,108.7558,26.4723,"run-alternated(off,on,off,on)"
2026-06-04T13:22:51.999940+00:00,intree_arbiter_vs_main_leg,hunyuan__bf16__M650040D128,torch.bfloat16,median_us,,,,95.5145,,,,,,81.2542,,ion8-h200,0,NVIDIA H200,8933ec8772(main),tilev1-intree,30,200,"PYTHONPATH=<sglang_main_8933ec877 worktree>/python python3 bench_intree_arbiter.py --toggle {off,on} --iters 200 (2 alternated pairs; pair2 +probes)",h200_diffusion_norm_infer__multi_shape,"mean of 2 alternated runs (arbiter_main_*_{1,2}.json in REMOTE_KDA_DIR); idle-gated",/home/sglang-omni/bbuf/kda_runs/h200_diffusion_norm_infer__multi_shape/r20260604-rlcr184616,intree_public_op_native_on,custom-op-byte-identical-both-runs,81.2542,95.5145,14.2603,"run-alternated(off,on,off,on)"
2026-06-04T13:22:51.999940+00:00,intree_arbiter_vs_main,hunyuan__bf16__M650040D128,torch.bfloat16,median_us,108.7558,95.5145,1.1386,,,,,,,,,ion8-h200,0,NVIDIA H200,8933ec8772(main),tilev1-intree,30,200,"PYTHONPATH=<sglang_main_8933ec877 worktree>/python python3 bench_intree_arbiter.py --toggle {off,on} --iters 200 (2 alternated pairs; pair2 +probes)",h200_diffusion_norm_infer__multi_shape,"{""device_rate_speedup_x"": 1.0127, ""off_device_us"": 82.2835}",/home/sglang-omni/bbuf/kda_runs/h200_diffusion_norm_infer__multi_shape/r20260604-rlcr184616,intree_public_op_toggle_pair,custom-op-byte-identical-both-runs,81.2542,95.5145,14.2603,"run-alternated(off,on,off,on)"
2026-06-04T13:22:51.999940+00:00,intree_arbiter_vs_main_leg,zimage__bf16__M16384D128,torch.bfloat16,median_us,,,,32.6658,,,,,,24.7590,,ion8-h200,0,NVIDIA H200,8933ec8772(main),triton-baseline@main-8933ec8772,30,200,"PYTHONPATH=<sglang_main_8933ec877 worktree>/python python3 bench_intree_arbiter.py --toggle {off,on} --iters 200 (2 alternated pairs; pair2 +probes)",h200_diffusion_norm_infer__multi_shape,"mean of 2 alternated runs (arbiter_main_*_{1,2}.json in REMOTE_KDA_DIR); idle-gated",/home/sglang-omni/bbuf/kda_runs/h200_diffusion_norm_infer__multi_shape/r20260604-rlcr184616,intree_public_op_native_off,custom-op-byte-identical-both-runs,24.7590,32.6658,7.9068,"run-alternated(off,on,off,on)"
2026-06-04T13:22:51.999940+00:00,intree_arbiter_vs_main_leg,zimage__bf16__M16384D128,torch.bfloat16,median_us,,,,17.7165,,,,,,11.2600,,ion8-h200,0,NVIDIA H200,8933ec8772(main),tilev1-intree,30,200,"PYTHONPATH=<sglang_main_8933ec877 worktree>/python python3 bench_intree_arbiter.py --toggle {off,on} --iters 200 (2 alternated pairs; pair2 +probes)",h200_diffusion_norm_infer__multi_shape,"mean of 2 alternated runs (arbiter_main_*_{1,2}.json in REMOTE_KDA_DIR); idle-gated",/home/sglang-omni/bbuf/kda_runs/h200_diffusion_norm_infer__multi_shape/r20260604-rlcr184616,intree_public_op_native_on,custom-op-byte-identical-both-runs,11.2600,17.7165,6.4565,"run-alternated(off,on,off,on)"
2026-06-04T13:22:51.999940+00:00,intree_arbiter_vs_main,zimage__bf16__M16384D128,torch.bfloat16,median_us,32.6658,17.7165,1.8438,,,,,,,,,ion8-h200,0,NVIDIA H200,8933ec8772(main),tilev1-intree,30,200,"PYTHONPATH=<sglang_main_8933ec877 worktree>/python python3 bench_intree_arbiter.py --toggle {off,on} --iters 200 (2 alternated pairs; pair2 +probes)",h200_diffusion_norm_infer__multi_shape,"{""device_rate_speedup_x"": 2.1988, ""off_device_us"": 24.759}",/home/sglang-omni/bbuf/kda_runs/h200_diffusion_norm_infer__multi_shape/r20260604-rlcr184616,intree_public_op_toggle_pair,custom-op-byte-identical-both-runs,11.2600,17.7165,6.4565,"run-alternated(off,on,off,on)"
2026-06-04T13:22:51.999940+00:00,intree_arbiter_vs_main_leg,zimage__bf16__M4096D128,torch.bfloat16,median_us,,,,32.2283,,,,,,24.8942,,ion8-h200,0,NVIDIA H200,8933ec8772(main),triton-baseline@main-8933ec8772,30,200,"PYTHONPATH=<sglang_main_8933ec877 worktree>/python python3 bench_intree_arbiter.py --toggle {off,on} --iters 200 (2 alternated pairs; pair2 +probes)",h200_diffusion_norm_infer__multi_shape,"mean of 2 alternated runs (arbiter_main_*_{1,2}.json in REMOTE_KDA_DIR); idle-gated",/home/sglang-omni/bbuf/kda_runs/h200_diffusion_norm_infer__multi_shape/r20260604-rlcr184616,intree_public_op_native_off,custom-op-byte-identical-both-runs,24.8942,32.2283,7.3340,"run-alternated(off,on,off,on)"
2026-06-04T13:22:51.999940+00:00,intree_arbiter_vs_main_leg,zimage__bf16__M4096D128,torch.bfloat16,median_us,,,,17.3883,,,,,,11.3483,,ion8-h200,0,NVIDIA H200,8933ec8772(main),tilev1-intree,30,200,"PYTHONPATH=<sglang_main_8933ec877 worktree>/python python3 bench_intree_arbiter.py --toggle {off,on} --iters 200 (2 alternated pairs; pair2 +probes)",h200_diffusion_norm_infer__multi_shape,"mean of 2 alternated runs (arbiter_main_*_{1,2}.json in REMOTE_KDA_DIR); idle-gated",/home/sglang-omni/bbuf/kda_runs/h200_diffusion_norm_infer__multi_shape/r20260604-rlcr184616,intree_public_op_native_on,custom-op-byte-identical-both-runs,11.3483,17.3883,6.0401,"run-alternated(off,on,off,on)"
2026-06-04T13:22:51.999940+00:00,intree_arbiter_vs_main,zimage__bf16__M4096D128,torch.bfloat16,median_us,32.2283,17.3883,1.8534,,,,,,,,,ion8-h200,0,NVIDIA H200,8933ec8772(main),tilev1-intree,30,200,"PYTHONPATH=<sglang_main_8933ec877 worktree>/python python3 bench_intree_arbiter.py --toggle {off,on} --iters 200 (2 alternated pairs; pair2 +probes)",h200_diffusion_norm_infer__multi_shape,"{""device_rate_speedup_x"": 2.1937, ""off_device_us"": 24.8942}",/home/sglang-omni/bbuf/kda_runs/h200_diffusion_norm_infer__multi_shape/r20260604-rlcr184616,intree_public_op_toggle_pair,custom-op-byte-identical-both-runs,11.3483,17.3883,6.0401,"run-alternated(off,on,off,on)"
2026-06-04T13:22:51.999940+00:00,intree_arbiter_vs_main,GEOMEAN_intree_arbiter_vs_main,,geomean_wall_median,,,1.4475,,,,,,,,,ion8-h200,0,NVIDIA H200,8933ec8772(main),tilev1-intree,30,200,"PYTHONPATH=<sglang_main_8933ec877 worktree>/python python3 bench_intree_arbiter.py --toggle {off,on} --iters 200 (2 alternated pairs; pair2 +probes)",h200_diffusion_norm_infer__multi_shape,PR-facing number per the baseline=main ruling; device-rate geomean 1.4934x; oracle 288/288 ON+OFF on main worktree; workspace suite 405/405 with PYTHONPATH=main; baseline norm files byte-identical 84e1108312..main,/home/sglang-omni/bbuf/kda_runs/h200_diffusion_norm_infer__multi_shape/r20260604-rlcr184616,intree_public_op_toggle_pair,custom-op-byte-identical-both-runs,,,,"run-alternated(off,on,off,on)"
