timestamp,preset,bucket,name,num_tokens,num_heads,head_dim,rope_dim,is_neox,eps,dtype,position_dtype,ci_fallback,baseline_median_us,baseline_mean_us,baseline_std_us,baseline_min_us,baseline_p10_us,baseline_p90_us,cand_median_us,cand_mean_us,cand_std_us,cand_min_us,cand_p10_us,cand_p90_us,speedup_x,iters,inner,command,git_commit,candidate_source_version,host,gpu_physical_index,gpu_logical_index,gpu_name,gpu_uuid,cuda_visible_devices,idle_before,idle_after
2026-06-01T16:30:24.702626+00:00,joyai-edit,large,joyai-edit__large__B7904_H32_D128_R128,7904,32,128,128,False,1e-06,bfloat16,int64,False,89.1680,89.2893,2.0943,86.5280,87.4560,91.4240,88.7680,88.7862,1.2400,86.6880,87.4560,90.0160,1.0045,100,1,/usr/bin/python benchmark.py,68a32061ea2a84651a732efe630c220c299980bb,68a32061e,ion-b200,4,0,NVIDIA B200,GPU-3f9e06de-1182-c110-c905-162e17af11ac,4,4  0  1130  183359,4  0  1130  183359
2026-06-01T16:30:24.943824+00:00,qwen,large,qwen__large__B4096_H24_D128_R128,4096,24,128,128,False,1e-06,bfloat16,int64,False,59.2640,59.9216,3.4164,57.4080,58.1440,60.7680,59.3440,62.1850,15.4578,55.8720,57.1840,65.3760,0.9987,100,1,/usr/bin/python benchmark.py,68a32061ea2a84651a732efe630c220c299980bb,68a32061e,ion-b200,4,0,NVIDIA B200,GPU-3f9e06de-1182-c110-c905-162e17af11ac,4,4  21  1130  183359,4  9  1130  183359
2026-06-01T16:30:25.189863+00:00,qwen-edit,large,qwen-edit__large__B8424_H24_D128_R128,8424,24,128,128,False,1e-06,bfloat16,int64,False,95.5520,95.9235,2.2988,93.1200,94.1440,97.6960,96.1280,96.4662,2.1689,93.3120,94.5280,98.1440,0.9940,100,1,/usr/bin/python benchmark.py,68a32061ea2a84651a732efe630c220c299980bb,68a32061e,ion-b200,4,0,NVIDIA B200,GPU-3f9e06de-1182-c110-c905-162e17af11ac,4,4  0  1130  183359,4  10  1130  183359
2026-06-01T16:30:25.432695+00:00,zimage,large,zimage__large__B4096_H30_D128_R128,4096,30,128,128,False,1e-05,bfloat16,int64,False,73.6000,74.2390,3.4638,71.4240,72.3840,75.5520,74.1440,74.4365,1.4986,72.3200,73.0880,75.8400,0.9927,100,1,/usr/bin/python benchmark.py,68a32061ea2a84651a732efe630c220c299980bb,68a32061e,ion-b200,4,0,NVIDIA B200,GPU-3f9e06de-1182-c110-c905-162e17af11ac,4,4  7  1130  183359,4  11  1130  183359
2026-06-01T16:30:25.718668+00:00,zimage,large,zimage__large__B4128_H30_D128_R128,4128,30,128,128,False,1e-05,bfloat16,int64,False,73.9520,74.8131,4.3812,71.2320,72.5440,75.6800,73.9200,74.1530,1.2027,72.0960,72.8960,75.4240,1.0004,100,1,/usr/bin/python benchmark.py,68a32061ea2a84651a732efe630c220c299980bb,68a32061e,ion-b200,4,0,NVIDIA B200,GPU-3f9e06de-1182-c110-c905-162e17af11ac,4,4  0  1130  183359,4  10  1130  183359
2026-06-01T16:30:26.033000+00:00,qwen,small,qwen__small__B19_H24_D128_R128,19,24,128,128,False,1e-06,bfloat16,int64,False,60.6720,61.7181,4.1338,58.1120,59.1040,63.8400,61.2320,61.7578,2.6214,58.9440,59.7440,63.3280,0.9909,100,1,/usr/bin/python benchmark.py,68a32061ea2a84651a732efe630c220c299980bb,68a32061e,ion-b200,4,0,NVIDIA B200,GPU-3f9e06de-1182-c110-c905-162e17af11ac,4,4  0  1130  183359,4  2  1130  183359
2026-06-01T16:30:26.273143+00:00,qwen,small,qwen__small__B47_H24_D128_R128,47,24,128,128,False,1e-06,bfloat16,int64,False,60.8320,61.7030,4.1031,58.1440,59.3920,64.2880,61.0560,61.5760,2.1416,58.4640,59.8720,63.9680,0.9963,100,1,/usr/bin/python benchmark.py,68a32061ea2a84651a732efe630c220c299980bb,68a32061e,ion-b200,4,0,NVIDIA B200,GPU-3f9e06de-1182-c110-c905-162e17af11ac,4,4  0  1130  183359,4  2  1130  183359
2026-06-01T16:30:26.517275+00:00,qwen-edit,small,qwen-edit__small__B195_H24_D128_R128,195,24,128,128,False,1e-06,bfloat16,int64,False,61.1680,62.3392,5.2356,58.2400,59.8080,65.4080,61.5840,62.0682,2.0176,59.2960,60.3200,63.4560,0.9932,100,1,/usr/bin/python benchmark.py,68a32061ea2a84651a732efe630c220c299980bb,68a32061e,ion-b200,4,0,NVIDIA B200,GPU-3f9e06de-1182-c110-c905-162e17af11ac,4,4  0  1130  183359,4  0  1130  183359
2026-06-01T16:30:26.756380+00:00,qwen-edit,small,qwen-edit__small__B189_H24_D128_R128,189,24,128,128,False,1e-06,bfloat16,int64,False,61.2160,62.1686,5.2314,58.7840,59.6480,63.8400,61.3280,61.7210,1.9824,58.7200,60.0640,63.3280,0.9982,100,1,/usr/bin/python benchmark.py,68a32061ea2a84651a732efe630c220c299980bb,68a32061e,ion-b200,4,0,NVIDIA B200,GPU-3f9e06de-1182-c110-c905-162e17af11ac,4,4  2  1130  183359,4  2  1130  183359
2026-06-01T16:30:26.999226+00:00,zimage,small,zimage__small__B32_H30_D128_R128,32,30,128,128,False,1e-05,bfloat16,int64,False,61.5200,62.5232,5.0807,59.1040,60.2880,64.5440,62.2720,62.6611,1.8806,60.5120,61.1840,64.0640,0.9879,100,1,/usr/bin/python benchmark.py,68a32061ea2a84651a732efe630c220c299980bb,68a32061e,ion-b200,4,0,NVIDIA B200,GPU-3f9e06de-1182-c110-c905-162e17af11ac,4,4  0  1130  183359,4  1  1130  183359
,,,GEOMEAN_production,,,,,,,,,,,,,,,,,,,,,,0.9957,,,/usr/bin/python benchmark.py,68a32061ea2a84651a732efe630c220c299980bb,68a32061e,ion-b200,4,0,NVIDIA B200,GPU-3f9e06de-1182-c110-c905-162e17af11ac,4,,
2026-06-02T09:55:37.992141+00:00,joyai-edit,large,joyai-edit__large__B7904_H32_D128_R128__install,7904,32,128,128,False,1e-06,bfloat16,int64,False,91.1040,91.7933,4.8381,88.8640,90.0480,92.7040,75.3280,76.1600,3.2047,73.5360,74.4320,77.6640,1.2094,100,1,/usr/bin/python benchmark.py --integrated,36fa73d96,36fa73d9+r8-install-nogo,ion-b200,4,0,NVIDIA B200,GPU-3f9e06de-1182-c110-c905-162e17af11ac,4,4  2  1130  183359,4  15  1130  183359
2026-06-02T09:55:38.231355+00:00,qwen,large,qwen__large__B4096_H24_D128_R128__install,4096,24,128,128,False,1e-06,bfloat16,int64,False,58.3840,59.6912,10.0094,55.5520,57.0560,60.7040,60.0960,61.0947,5.4281,57.6320,58.4320,63.2320,0.9715,100,1,/usr/bin/python benchmark.py --integrated,36fa73d96,36fa73d9+r8-install-nogo,ion-b200,4,0,NVIDIA B200,GPU-3f9e06de-1182-c110-c905-162e17af11ac,4,4  2  1154  183359,4  7  1154  183359
2026-06-02T09:55:38.487118+00:00,qwen-edit,large,qwen-edit__large__B8424_H24_D128_R128__install,8424,24,128,128,False,1e-06,bfloat16,int64,False,102.7520,105.1638,17.2520,99.6480,101.2160,106.3360,102.9600,104.8371,8.1583,99.9040,100.8320,108.5120,0.9980,100,1,/usr/bin/python benchmark.py --integrated,36fa73d96,36fa73d9+r8-install-nogo,ion-b200,4,0,NVIDIA B200,GPU-3f9e06de-1182-c110-c905-162e17af11ac,4,4  0  1154  183359,4  13  1154  183359
2026-06-02T09:55:38.740306+00:00,zimage,large,zimage__large__B4096_H30_D128_R128__install,4096,30,128,128,False,1e-05,bfloat16,int64,False,78.1440,80.4861,15.2036,73.4080,76.4800,81.8240,84.1280,85.4502,7.8226,79.9680,82.0480,88.2240,0.9289,100,1,/usr/bin/python benchmark.py --integrated,36fa73d96,36fa73d9+r8-install-nogo,ion-b200,4,0,NVIDIA B200,GPU-3f9e06de-1182-c110-c905-162e17af11ac,4,4  2  1184  183359,4  8  1184  183359
2026-06-02T09:55:38.993738+00:00,zimage,large,zimage__large__B4128_H30_D128_R128__install,4128,30,128,128,False,1e-05,bfloat16,int64,False,77.5200,79.9968,15.1314,74.0480,75.7760,81.5680,83.8080,86.0426,8.8103,80.9280,82.1760,89.2800,0.9250,100,1,/usr/bin/python benchmark.py --integrated,36fa73d96,36fa73d9+r8-install-nogo,ion-b200,4,0,NVIDIA B200,GPU-3f9e06de-1182-c110-c905-162e17af11ac,4,4  1  1184  183359,4  9  1184  183359
2026-06-02T09:55:39.245234+00:00,qwen,small,qwen__small__B19_H24_D128_R128__install,19,24,128,128,False,1e-06,bfloat16,int64,False,64.7840,128.5968,611.2959,61.9520,62.8480,69.4080,74.6080,77.6438,11.8372,71.5520,73.0560,81.4720,0.8683,100,1,/usr/bin/python benchmark.py --integrated,36fa73d96,36fa73d9+r8-install-nogo,ion-b200,4,0,NVIDIA B200,GPU-3f9e06de-1182-c110-c905-162e17af11ac,4,4  0  1184  183359,4  1  1184  183359
2026-06-02T09:55:39.493157+00:00,qwen,small,qwen__small__B47_H24_D128_R128__install,47,24,128,128,False,1e-06,bfloat16,int64,False,64.0160,66.7869,16.6760,62.0480,62.7200,67.9360,74.5440,76.5149,8.0554,71.1360,72.6720,80.2880,0.8588,100,1,/usr/bin/python benchmark.py --integrated,36fa73d96,36fa73d9+r8-install-nogo,ion-b200,4,0,NVIDIA B200,GPU-3f9e06de-1182-c110-c905-162e17af11ac,4,4  1  1184  183359,4  2  1184  183359
2026-06-02T09:55:39.741178+00:00,qwen-edit,small,qwen-edit__small__B195_H24_D128_R128__install,195,24,128,128,False,1e-06,bfloat16,int64,False,64.4160,66.5600,15.7592,62.2720,63.0400,66.4640,74.1760,75.7872,7.8264,71.6800,72.6400,78.5280,0.8684,100,1,/usr/bin/python benchmark.py --integrated,36fa73d96,36fa73d9+r8-install-nogo,ion-b200,4,0,NVIDIA B200,GPU-3f9e06de-1182-c110-c905-162e17af11ac,4,4  0  1184  183359,4  2  1184  183359
2026-06-02T09:55:39.986667+00:00,qwen-edit,small,qwen-edit__small__B189_H24_D128_R128__install,189,24,128,128,False,1e-06,bfloat16,int64,False,64.0800,66.4291,15.8831,61.6000,62.5600,68.8320,74.7360,76.2774,8.4286,71.6160,72.5440,80.6400,0.8574,100,1,/usr/bin/python benchmark.py --integrated,36fa73d96,36fa73d9+r8-install-nogo,ion-b200,4,0,NVIDIA B200,GPU-3f9e06de-1182-c110-c905-162e17af11ac,4,4  0  1184  183359,4  2  1184  183359
2026-06-02T09:55:40.232124+00:00,zimage,small,zimage__small__B32_H30_D128_R128__install,32,30,128,128,False,1e-05,bfloat16,int64,False,64.9600,67.3206,15.8827,62.8480,63.8080,69.9200,75.0080,76.7238,8.2136,72.0960,73.3440,80.6400,0.8660,100,1,/usr/bin/python benchmark.py --integrated,36fa73d96,36fa73d9+r8-install-nogo,ion-b200,4,0,NVIDIA B200,GPU-3f9e06de-1182-c110-c905-162e17af11ac,4,4  0  1184  183359,4  2  1184  183359
,,,GEOMEAN_install,,,,,,,,,,,,,,,,,,,,,,0.9301,,,/usr/bin/python benchmark.py --integrated,36fa73d96,36fa73d9+r8-install-nogo,ion-b200,,,NVIDIA B200,,4,,
2026-06-02T13:30:00+00:00,joyai-edit,large,joyai-edit__large__B7904_H32_D128_R128__intree,7904,32,128,128,False,1e-06,bfloat16,int64,False,87.9800,,,,,,71.7900,,,,,,1.2255,100,1,validate_in_tree.py measure,2b2f8dd52,intree-cuh-dispatch,ion-b200,,,NVIDIA B200,,4,ion-b200-intree;sglang-csrc-dropin;register_custom_op-preserved;torch.compile-safe;run2-warm,
2026-06-02T13:30:00+00:00,qwen,large,qwen__large__B4096_H24_D128_R128__intree,4096,24,128,128,False,1e-06,bfloat16,int64,False,40.0600,,,,,,31.6500,,,,,,1.2657,100,1,validate_in_tree.py measure,2b2f8dd52,intree-cuh-dispatch,ion-b200,,,NVIDIA B200,,4,ion-b200-intree;sglang-csrc-dropin;register_custom_op-preserved;torch.compile-safe;run2-warm,
2026-06-02T13:30:00+00:00,qwen-edit,large,qwen-edit__large__B8424_H24_D128_R128__intree,8424,24,128,128,False,1e-06,bfloat16,int64,False,71.0200,,,,,,61.0200,,,,,,1.1639,100,1,validate_in_tree.py measure,2b2f8dd52,intree-cuh-dispatch,ion-b200,,,NVIDIA B200,,4,ion-b200-intree;sglang-csrc-dropin;register_custom_op-preserved;torch.compile-safe;run2-warm,
2026-06-02T13:30:00+00:00,zimage,large,zimage__large__B4096_H30_D128_R128__intree,4096,30,128,128,False,1e-05,bfloat16,int64,False,48.5800,,,,,,36.7400,,,,,,1.3223,100,1,validate_in_tree.py measure,2b2f8dd52,intree-cuh-dispatch,ion-b200,,,NVIDIA B200,,4,ion-b200-intree;sglang-csrc-dropin;register_custom_op-preserved;torch.compile-safe;run2-warm,
2026-06-02T13:30:00+00:00,zimage,large,zimage__large__B4128_H30_D128_R128__intree,4128,30,128,128,False,1e-05,bfloat16,int64,False,48.7700,,,,,,36.6900,,,,,,1.3292,100,1,validate_in_tree.py measure,2b2f8dd52,intree-cuh-dispatch,ion-b200,,,NVIDIA B200,,4,ion-b200-intree;sglang-csrc-dropin;register_custom_op-preserved;torch.compile-safe;run2-warm,
2026-06-02T13:30:00+00:00,qwen,small,qwen__small__B19_H24_D128_R128__intree,19,24,128,128,False,1e-06,bfloat16,int64,False,13.6000,,,,,,13.8700,,,,,,0.9805,100,1,validate_in_tree.py measure,2b2f8dd52,intree-cuh-dispatch,ion-b200,,,NVIDIA B200,,4,ion-b200-intree;sglang-csrc-dropin;register_custom_op-preserved;torch.compile-safe;run2-warm,
2026-06-02T13:30:00+00:00,qwen,small,qwen__small__B47_H24_D128_R128__intree,47,24,128,128,False,1e-06,bfloat16,int64,False,13.7000,,,,,,13.8600,,,,,,0.9885,100,1,validate_in_tree.py measure,2b2f8dd52,intree-cuh-dispatch,ion-b200,,,NVIDIA B200,,4,ion-b200-intree;sglang-csrc-dropin;register_custom_op-preserved;torch.compile-safe;run2-warm,
2026-06-02T13:30:00+00:00,qwen-edit,small,qwen-edit__small__B195_H24_D128_R128__intree,195,24,128,128,False,1e-06,bfloat16,int64,False,13.7100,,,,,,13.8200,,,,,,0.9920,100,1,validate_in_tree.py measure,2b2f8dd52,intree-cuh-dispatch,ion-b200,,,NVIDIA B200,,4,ion-b200-intree;sglang-csrc-dropin;register_custom_op-preserved;torch.compile-safe;run2-warm,
2026-06-02T13:30:00+00:00,qwen-edit,small,qwen-edit__small__B189_H24_D128_R128__intree,189,24,128,128,False,1e-06,bfloat16,int64,False,13.7000,,,,,,13.7600,,,,,,0.9956,100,1,validate_in_tree.py measure,2b2f8dd52,intree-cuh-dispatch,ion-b200,,,NVIDIA B200,,4,ion-b200-intree;sglang-csrc-dropin;register_custom_op-preserved;torch.compile-safe;run2-warm,
2026-06-02T13:30:00+00:00,zimage,small,zimage__small__B32_H30_D128_R128__intree,32,30,128,128,False,1e-05,bfloat16,int64,False,13.8200,,,,,,13.7400,,,,,,1.0058,100,1,validate_in_tree.py measure,2b2f8dd52,intree-cuh-dispatch,ion-b200,,,NVIDIA B200,,4,ion-b200-intree;sglang-csrc-dropin;register_custom_op-preserved;torch.compile-safe;run2-warm,
,,,GEOMEAN_intree,,,,,,,,,,,,,,,,,,,,,,1.1182,,,validate_in_tree.py compare,2b2f8dd52,intree-cuh-dispatch (torch.compile-safe),ion-b200,,,NVIDIA B200,,,ion-b200-intree;sglang-csrc-dropin;register_custom_op-preserved;torch.compile-safe;run2-warm,
2026-06-04T11:19:14.252055+00:00,joyai-edit,large,joyai-edit__large__B7904_H32_D128_R128,7904,32,128,128,False,1e-06,bfloat16,int64,False,94.9760,95.6438,2.8307,91.1360,92.8320,99.6480,80.8640,82.4787,3.7181,78.3680,78.8800,87.6800,1.1745,100,1,/usr/bin/python benchmark.py,aaf8275b6,aaf8275b6,ion-b200,1,0,NVIDIA B200,GPU-709d3f1a-3fca-36e4-22a6-e4e7e1d8c33e,1,1  0  1130  183359,1  11  1130  183359
2026-06-04T11:19:14.508667+00:00,qwen,large,qwen__large__B4096_H24_D128_R128,4096,24,128,128,False,1e-06,bfloat16,int64,False,71.2480,78.5309,13.1710,64.9280,65.5360,98.4000,75.7760,85.1158,17.3272,66.8480,68.4800,109.9520,0.9402,100,1,/usr/bin/python benchmark.py,aaf8275b6,aaf8275b6,ion-b200,1,0,NVIDIA B200,GPU-709d3f1a-3fca-36e4-22a6-e4e7e1d8c33e,1,1  9  1130  183359,1  8  1130  183359
2026-06-04T11:19:14.896033+00:00,qwen-edit,large,qwen-edit__large__B8424_H24_D128_R128,8424,24,128,128,False,1e-06,bfloat16,int64,False,102.4160,105.2566,8.3336,94.0480,96.0320,115.7440,100.5760,105.7936,10.8958,93.2160,94.3040,120.3840,1.0183,100,1,/usr/bin/python benchmark.py,aaf8275b6,aaf8275b6,ion-b200,1,0,NVIDIA B200,GPU-709d3f1a-3fca-36e4-22a6-e4e7e1d8c33e,1,1  0  1130  183359,1  0  1130  183359
2026-06-04T11:19:15.240988+00:00,zimage,large,zimage__large__B4096_H30_D128_R128,4096,30,128,128,False,1e-05,bfloat16,int64,False,74.1440,76.1664,5.5062,71.8720,72.8640,81.2480,71.5840,73.6762,5.1291,69.4080,70.1760,80.4160,1.0358,100,1,/usr/bin/python benchmark.py,aaf8275b6,aaf8275b6,ion-b200,1,0,NVIDIA B200,GPU-709d3f1a-3fca-36e4-22a6-e4e7e1d8c33e,1,1  0  1130  183359,1  7  1130  183359
2026-06-04T11:19:15.587341+00:00,zimage,large,zimage__large__B4128_H30_D128_R128,4128,30,128,128,False,1e-05,bfloat16,int64,False,76.7040,87.4333,40.6802,43.3920,73.2480,99.8080,76.5120,90.6947,64.9143,32.8640,65.9520,107.8080,1.0025,100,1,/usr/bin/python benchmark.py,aaf8275b6,aaf8275b6,ion-b200,1,0,NVIDIA B200,GPU-709d3f1a-3fca-36e4-22a6-e4e7e1d8c33e,1,1  0  1154  183359,1  18  3352  183359
2026-06-04T11:19:15.839331+00:00,qwen,small,qwen__small__B19_H24_D128_R128,19,24,128,128,False,1e-06,bfloat16,int64,False,66.2720,76.2112,16.6546,59.5520,61.3760,97.7280,73.9680,83.6810,17.1432,67.5520,68.7040,110.8480,0.8960,100,1,/usr/bin/python benchmark.py,aaf8275b6,aaf8275b6,ion-b200,1,0,NVIDIA B200,GPU-709d3f1a-3fca-36e4-22a6-e4e7e1d8c33e,1,1  0  3352  183359,1  2  3352  183359
2026-06-04T11:19:16.090589+00:00,qwen,small,qwen__small__B47_H24_D128_R128,47,24,128,128,False,1e-06,bfloat16,int64,False,62.8320,65.3091,7.0413,59.8400,61.1520,71.8080,70.4320,73.2950,7.8768,67.1360,68.4480,80.2880,0.8921,100,1,/usr/bin/python benchmark.py,aaf8275b6,aaf8275b6,ion-b200,1,0,NVIDIA B200,GPU-709d3f1a-3fca-36e4-22a6-e4e7e1d8c33e,1,1  0  3352  183359,1  2  3352  183359
2026-06-04T11:19:16.585554+00:00,qwen-edit,small,qwen-edit__small__B195_H24_D128_R128,195,24,128,128,False,1e-06,bfloat16,int64,False,9.2160,16.2992,7.9985,8.0320,8.2560,26.5280,8.9280,39.0880,235.1254,6.7520,8.2240,25.8560,1.0323,100,1,/usr/bin/python benchmark.py,aaf8275b6,aaf8275b6,ion-b200,1,0,NVIDIA B200,GPU-709d3f1a-3fca-36e4-22a6-e4e7e1d8c33e,1,1  81  3608  183359,1  93  3608  183359
2026-06-04T11:19:16.890199+00:00,qwen-edit,small,qwen-edit__small__B189_H24_D128_R128,189,24,128,128,False,1e-06,bfloat16,int64,False,42.1600,79.5162,270.3512,6.6880,8.4480,63.2320,8.6560,26.7443,47.9770,6.7200,6.9440,38.2720,4.8706,100,1,/usr/bin/python benchmark.py,aaf8275b6,aaf8275b6,ion-b200,1,0,NVIDIA B200,GPU-709d3f1a-3fca-36e4-22a6-e4e7e1d8c33e,1,1  76  4562  183359,1  91  3352  183359
2026-06-04T11:19:17.235551+00:00,zimage,small,zimage__small__B32_H30_D128_R128,32,30,128,128,False,1e-05,bfloat16,int64,False,8.2560,14.0822,8.3145,6.1120,6.6240,25.5040,25.2800,26.1027,2.4275,23.7440,24.6080,28.7360,0.3266,100,1,/usr/bin/python benchmark.py,aaf8275b6,aaf8275b6,ion-b200,1,0,NVIDIA B200,GPU-709d3f1a-3fca-36e4-22a6-e4e7e1d8c33e,1,1  89  3544  183359,1  85  3800  183359
,,,GEOMEAN_production,,,,,,,,,,,,,,,,,,,,,,1.0436,,,/usr/bin/python benchmark.py,aaf8275b6,aaf8275b6,ion-b200,1,0,NVIDIA B200,GPU-709d3f1a-3fca-36e4-22a6-e4e7e1d8c33e,1,,
2026-06-04T11:19:33.613791+00:00,joyai-edit,large,joyai-edit__large__B7904_H32_D128_R128__devfair,7904,32,128,128,False,1e-06,bfloat16,int64,False,88.0000,88.2982,1.3342,86.6240,86.9760,89.5040,70.6400,71.0752,3.4812,68.9600,69.9200,71.6160,1.2458,100,1,/usr/bin/python benchmark.py --device-fair,aaf8275b6,aaf8275b6+devfair,ion-b200,1,0,NVIDIA B200,GPU-709d3f1a-3fca-36e4-22a6-e4e7e1d8c33e,1,1  3  4238  183359,1  26  4238  183359
2026-06-04T11:19:33.860133+00:00,qwen,large,qwen__large__B4096_H24_D128_R128__devfair,4096,24,128,128,False,1e-06,bfloat16,int64,False,46.8960,47.4618,3.2934,38.4320,45.3760,48.4800,42.0800,42.5459,2.6889,39.6800,40.5120,44.1280,1.1144,100,1,/usr/bin/python benchmark.py --device-fair,aaf8275b6,aaf8275b6+devfair,ion-b200,1,0,NVIDIA B200,GPU-709d3f1a-3fca-36e4-22a6-e4e7e1d8c33e,1,1  7  4556  183359,1  18  4556  183359
2026-06-04T11:19:34.140356+00:00,qwen-edit,large,qwen-edit__large__B8424_H24_D128_R128__devfair,8424,24,128,128,False,1e-06,bfloat16,int64,False,80.9920,81.8166,5.5064,79.3920,79.8080,82.9120,69.6800,70.1763,2.1376,67.7120,68.7360,71.5200,1.1623,100,1,/usr/bin/python benchmark.py --device-fair,aaf8275b6,aaf8275b6+devfair,ion-b200,1,0,NVIDIA B200,GPU-709d3f1a-3fca-36e4-22a6-e4e7e1d8c33e,1,1  24  4606  183359,1  13  4606  183359
2026-06-04T11:19:34.436813+00:00,zimage,large,zimage__large__B4096_H30_D128_R128__devfair,4096,30,128,128,False,1e-05,bfloat16,int64,False,55.2320,56.3235,7.0314,53.3120,54.3360,56.8640,50.4640,51.6867,3.4999,48.8640,49.4720,56.8320,1.0945,100,1,/usr/bin/python benchmark.py --device-fair,aaf8275b6,aaf8275b6+devfair,ion-b200,1,0,NVIDIA B200,GPU-709d3f1a-3fca-36e4-22a6-e4e7e1d8c33e,1,1  0  4606  183359,1  7  4606  183359
2026-06-04T11:19:34.685451+00:00,zimage,large,zimage__large__B4128_H30_D128_R128__devfair,4128,30,128,128,False,1e-05,bfloat16,int64,False,55.2160,56.2083,7.0169,53.3760,54.3360,56.5760,51.0400,51.9018,4.2948,49.4720,49.8560,52.5120,1.0818,100,1,/usr/bin/python benchmark.py --device-fair,aaf8275b6,aaf8275b6+devfair,ion-b200,1,0,NVIDIA B200,GPU-709d3f1a-3fca-36e4-22a6-e4e7e1d8c33e,1,1  1  4606  183359,1  9  4606  183359
2026-06-04T11:19:35.178254+00:00,qwen,small,qwen__small__B19_H24_D128_R128__devfair,19,24,128,128,False,1e-06,bfloat16,int64,False,14.8960,15.0042,1.4454,6.0160,14.2080,15.7440,15.1040,15.3283,1.1864,13.9520,14.4640,15.9680,0.9862,100,1,/usr/bin/python benchmark.py --device-fair,aaf8275b6,aaf8275b6+devfair,ion-b200,1,0,NVIDIA B200,GPU-709d3f1a-3fca-36e4-22a6-e4e7e1d8c33e,1,1  0  4606  183359,1  1  1180  183359
2026-06-04T11:19:35.469125+00:00,qwen,small,qwen__small__B47_H24_D128_R128__devfair,47,24,128,128,False,1e-06,bfloat16,int64,False,40.2400,42.8003,14.9101,38.2400,39.3920,44.3520,40.3040,41.5744,4.2803,38.0160,39.3920,44.5760,0.9984,100,1,/usr/bin/python benchmark.py --device-fair,aaf8275b6,aaf8275b6+devfair,ion-b200,1,0,NVIDIA B200,GPU-709d3f1a-3fca-36e4-22a6-e4e7e1d8c33e,1,1  0  1180  183359,1  0  1180  183359
2026-06-04T11:19:35.694719+00:00,qwen-edit,small,qwen-edit__small__B195_H24_D128_R128__devfair,195,24,128,128,False,1e-06,bfloat16,int64,False,20.6400,21.4128,4.5332,19.0080,19.9680,21.4720,20.6720,21.0349,1.6705,19.7120,20.0640,21.5040,0.9985,100,1,/usr/bin/python benchmark.py --device-fair,aaf8275b6,aaf8275b6+devfair,ion-b200,1,0,NVIDIA B200,GPU-709d3f1a-3fca-36e4-22a6-e4e7e1d8c33e,1,1  2  1180  183359,1  2  1180  183359
2026-06-04T11:19:35.935617+00:00,qwen-edit,small,qwen-edit__small__B189_H24_D128_R128__devfair,189,24,128,128,False,1e-06,bfloat16,int64,False,36.1760,38.1856,8.2746,34.4000,35.3280,42.3680,36.1280,36.5603,2.1143,34.5280,35.2640,37.3440,1.0013,100,1,/usr/bin/python benchmark.py --device-fair,aaf8275b6,aaf8275b6+devfair,ion-b200,1,0,NVIDIA B200,GPU-709d3f1a-3fca-36e4-22a6-e4e7e1d8c33e,1,1  0  1180  183359,1  2  1180  183359
2026-06-04T11:19:36.174597+00:00,zimage,small,zimage__small__B32_H30_D128_R128__devfair,32,30,128,128,False,1e-05,bfloat16,int64,False,40.2720,41.6634,8.3505,38.2720,39.2960,41.7280,40.4480,41.7133,3.7614,38.8480,39.5840,45.5360,0.9956,100,1,/usr/bin/python benchmark.py --device-fair,aaf8275b6,aaf8275b6+devfair,ion-b200,1,0,NVIDIA B200,GPU-709d3f1a-3fca-36e4-22a6-e4e7e1d8c33e,1,1  0  1180  183359,1  0  1180  183359
,,,GEOMEAN_devfair,,,,,,,,,,,,,,,,,,,,,,1.0648,,,/usr/bin/python benchmark.py --device-fair,aaf8275b6,aaf8275b6+devfair,ion-b200,,,NVIDIA B200,,1,,
2026-06-04T11:19:52.090507+00:00,joyai-edit,large,joyai-edit__large__B7904_H32_D128_R128__devfair_warp,7904,32,128,128,False,1e-06,bfloat16,int64,False,88.1600,88.7478,6.6616,86.1440,86.5920,89.5040,70.6880,70.7347,1.8828,68.3840,69.1200,71.6160,1.2472,100,1,/usr/bin/python benchmark.py --device-fair,aaf8275b6,aaf8275b6+devfair_warp,ion-b200,1,0,NVIDIA B200,GPU-709d3f1a-3fca-36e4-22a6-e4e7e1d8c33e,1,1  1  1130  183359,1  16  1130  183359
2026-06-04T11:19:52.392884+00:00,qwen,large,qwen__large__B4096_H24_D128_R128__devfair_warp,4096,24,128,128,False,1e-06,bfloat16,int64,False,46.2720,47.1891,7.2592,44.0000,44.8320,48.3840,41.4880,41.7194,2.0914,39.4880,40.2880,42.7840,1.1153,100,1,/usr/bin/python benchmark.py --device-fair,aaf8275b6,aaf8275b6+devfair_warp,ion-b200,1,0,NVIDIA B200,GPU-709d3f1a-3fca-36e4-22a6-e4e7e1d8c33e,1,1  2  1130  183359,1  7  1130  183359
2026-06-04T11:19:52.727516+00:00,qwen-edit,large,qwen-edit__large__B8424_H24_D128_R128__devfair_warp,8424,24,128,128,False,1e-06,bfloat16,int64,False,79.5840,80.6525,6.5825,77.6000,78.4000,81.1200,69.4240,69.8515,2.1793,67.3920,68.1920,71.2320,1.1463,100,1,/usr/bin/python benchmark.py --device-fair,aaf8275b6,aaf8275b6+devfair_warp,ion-b200,1,0,NVIDIA B200,GPU-709d3f1a-3fca-36e4-22a6-e4e7e1d8c33e,1,1  0  1180  183359,1  13  1180  183359
2026-06-04T11:19:52.964238+00:00,zimage,large,zimage__large__B4096_H30_D128_R128__devfair_warp,4096,30,128,128,False,1e-05,bfloat16,int64,False,54.0480,55.7741,13.5103,52.1600,52.9600,55.5520,50.1280,50.6749,3.1482,48.0000,49.0240,51.8720,1.0782,100,1,/usr/bin/python benchmark.py --device-fair,aaf8275b6,aaf8275b6+devfair_warp,ion-b200,1,0,NVIDIA B200,GPU-709d3f1a-3fca-36e4-22a6-e4e7e1d8c33e,1,1  0  1180  183359,1  2  1180  183359
2026-06-04T11:19:53.201197+00:00,zimage,large,zimage__large__B4128_H30_D128_R128__devfair_warp,4128,30,128,128,False,1e-05,bfloat16,int64,False,54.0000,55.1462,6.1519,52.5440,52.9920,55.9360,50.8640,51.3251,2.2990,48.7360,49.5040,52.7040,1.0617,100,1,/usr/bin/python benchmark.py --device-fair,aaf8275b6,aaf8275b6+devfair_warp,ion-b200,1,0,NVIDIA B200,GPU-709d3f1a-3fca-36e4-22a6-e4e7e1d8c33e,1,1  9  1180  183359,1  9  1180  183359
2026-06-04T11:19:53.437778+00:00,qwen,small,qwen__small__B19_H24_D128_R128__devfair_warp,19,24,128,128,False,1e-06,bfloat16,int64,False,38.8320,40.2336,8.2049,36.0320,37.5040,40.1280,38.7360,39.5910,3.6551,36.4800,37.8240,40.1920,1.0025,100,1,/usr/bin/python benchmark.py --device-fair,aaf8275b6,aaf8275b6+devfair_warp,ion-b200,1,0,NVIDIA B200,GPU-709d3f1a-3fca-36e4-22a6-e4e7e1d8c33e,1,1  0  1180  183359,1  1  1180  183359
2026-06-04T11:19:53.680379+00:00,qwen,small,qwen__small__B47_H24_D128_R128__devfair_warp,47,24,128,128,False,1e-06,bfloat16,int64,False,38.8480,40.8170,8.7571,36.3520,37.5360,44.6720,38.9440,40.5581,5.8030,36.8320,37.9200,41.4400,0.9975,100,1,/usr/bin/python benchmark.py --device-fair,aaf8275b6,aaf8275b6+devfair_warp,ion-b200,1,0,NVIDIA B200,GPU-709d3f1a-3fca-36e4-22a6-e4e7e1d8c33e,1,1  1  1180  183359,1  0  1180  183359
2026-06-04T11:19:53.920590+00:00,qwen-edit,small,qwen-edit__small__B195_H24_D128_R128__devfair_warp,195,24,128,128,False,1e-06,bfloat16,int64,False,38.6080,40.1123,12.3590,36.6400,37.6000,40.6080,38.8800,39.8195,3.1836,36.3840,38.0160,41.4400,0.9930,100,1,/usr/bin/python benchmark.py --device-fair,aaf8275b6,aaf8275b6+devfair_warp,ion-b200,1,0,NVIDIA B200,GPU-709d3f1a-3fca-36e4-22a6-e4e7e1d8c33e,1,1  0  1180  183359,1  2  1180  183359
2026-06-04T11:19:54.163297+00:00,qwen-edit,small,qwen-edit__small__B189_H24_D128_R128__devfair_warp,189,24,128,128,False,1e-06,bfloat16,int64,False,38.9760,41.6518,11.1426,37.0560,37.9200,45.8560,38.9120,40.2778,5.3370,36.7360,37.4080,44.1920,1.0016,100,1,/usr/bin/python benchmark.py --device-fair,aaf8275b6,aaf8275b6+devfair_warp,ion-b200,1,0,NVIDIA B200,GPU-709d3f1a-3fca-36e4-22a6-e4e7e1d8c33e,1,1  0  1180  183359,1  0  1180  183359
2026-06-04T11:19:54.398747+00:00,zimage,small,zimage__small__B32_H30_D128_R128__devfair_warp,32,30,128,128,False,1e-05,bfloat16,int64,False,38.9120,40.3072,8.1676,37.0880,37.8880,39.7760,39.2320,40.0336,3.3860,37.4080,38.2400,40.9920,0.9918,100,1,/usr/bin/python benchmark.py --device-fair,aaf8275b6,aaf8275b6+devfair_warp,ion-b200,1,0,NVIDIA B200,GPU-709d3f1a-3fca-36e4-22a6-e4e7e1d8c33e,1,1  2  1180  183359,1  2  1180  183359
,,,GEOMEAN_devfair_warp,,,,,,,,,,,,,,,,,,,,,,1.0606,,,/usr/bin/python benchmark.py --device-fair,aaf8275b6,aaf8275b6+devfair_warp,ion-b200,,,NVIDIA B200,,1,,
2026-06-04T11:20:10.947536+00:00,joyai-edit,large,joyai-edit__large__B7904_H32_D128_R128__pdlab,7904,32,128,128,False,1e-06,bfloat16,int64,False,70.8320,72.4669,8.5659,68.4480,69.3760,72.8640,70.7520,71.5789,3.9419,68.4160,69.2800,72.4800,1.0011,100,1,/usr/bin/python benchmark.py --pdl-ab,aaf8275b6,aaf8275b6+pdlab,ion-b200,1,0,NVIDIA B200,GPU-709d3f1a-3fca-36e4-22a6-e4e7e1d8c33e,1,1  4  1130  183359,1  3  1130  183359
2026-06-04T11:20:11.173666+00:00,qwen,large,qwen__large__B4096_H24_D128_R128__pdlab,4096,24,128,128,False,1e-06,bfloat16,int64,False,33.9520,34.4694,6.0841,31.7120,32.4480,35.0080,33.7760,33.7904,1.1723,31.7760,32.5120,34.6240,1.0052,100,1,/usr/bin/python benchmark.py --pdl-ab,aaf8275b6,aaf8275b6+pdlab,ion-b200,1,0,NVIDIA B200,GPU-709d3f1a-3fca-36e4-22a6-e4e7e1d8c33e,1,1  11  1130  183359,1  1  1130  183359
2026-06-04T11:20:11.419775+00:00,qwen-edit,large,qwen-edit__large__B8424_H24_D128_R128__pdlab,8424,24,128,128,False,1e-06,bfloat16,int64,False,69.9840,70.9507,5.6554,67.8400,68.6080,72.6080,69.5520,70.3574,2.6585,67.3280,68.5120,73.1840,1.0062,100,1,/usr/bin/python benchmark.py --pdl-ab,aaf8275b6,aaf8275b6+pdlab,ion-b200,1,0,NVIDIA B200,GPU-709d3f1a-3fca-36e4-22a6-e4e7e1d8c33e,1,1  3  1180  183359,1  12  1180  183359
2026-06-04T11:20:11.657932+00:00,zimage,large,zimage__large__B4096_H30_D128_R128__pdlab,4096,30,128,128,False,1e-05,bfloat16,int64,False,51.4560,52.6035,6.9727,49.3760,49.9840,53.9520,50.3840,51.3664,3.7370,48.2880,49.0240,53.4400,1.0213,100,1,/usr/bin/python benchmark.py --pdl-ab,aaf8275b6,aaf8275b6+pdlab,ion-b200,1,0,NVIDIA B200,GPU-709d3f1a-3fca-36e4-22a6-e4e7e1d8c33e,1,1  2  1180  183359,1  0  1180  183359
2026-06-04T11:20:11.894646+00:00,zimage,large,zimage__large__B4128_H30_D128_R128__pdlab,4128,30,128,128,False,1e-05,bfloat16,int64,False,50.3360,52.0451,7.1734,48.7680,49.2800,55.9360,51.2000,51.8029,2.6431,49.5360,50.0480,53.4080,0.9831,100,1,/usr/bin/python benchmark.py --pdl-ab,aaf8275b6,aaf8275b6+pdlab,ion-b200,1,0,NVIDIA B200,GPU-709d3f1a-3fca-36e4-22a6-e4e7e1d8c33e,1,1  8  1180  183359,1  8  1180  183359
2026-06-04T11:20:12.132433+00:00,qwen,small,qwen__small__B19_H24_D128_R128__pdlab,19,24,128,128,False,1e-06,bfloat16,int64,False,41.1360,42.6115,9.1789,39.5840,40.3520,42.8160,40.8000,42.1117,5.1698,38.6560,39.6160,42.3680,1.0082,100,1,/usr/bin/python benchmark.py --pdl-ab,aaf8275b6,aaf8275b6+pdlab,ion-b200,1,0,NVIDIA B200,GPU-709d3f1a-3fca-36e4-22a6-e4e7e1d8c33e,1,1  0  1180  183359,1  2  1180  183359
2026-06-04T11:20:12.376852+00:00,qwen,small,qwen__small__B47_H24_D128_R128__pdlab,47,24,128,128,False,1e-06,bfloat16,int64,False,41.4560,44.4352,9.8123,39.6800,40.5760,51.8400,41.2160,42.2022,3.4322,39.1680,40.3840,43.9360,1.0058,100,1,/usr/bin/python benchmark.py --pdl-ab,aaf8275b6,aaf8275b6+pdlab,ion-b200,1,0,NVIDIA B200,GPU-709d3f1a-3fca-36e4-22a6-e4e7e1d8c33e,1,1  0  1180  183359,1  0  1180  183359
2026-06-04T11:20:12.615992+00:00,qwen-edit,small,qwen-edit__small__B195_H24_D128_R128__pdlab,195,24,128,128,False,1e-06,bfloat16,int64,False,41.5200,43.9197,8.4982,40.1280,40.6080,48.8960,41.3280,43.6173,6.4669,39.6160,40.3200,51.6800,1.0046,100,1,/usr/bin/python benchmark.py --pdl-ab,aaf8275b6,aaf8275b6+pdlab,ion-b200,1,0,NVIDIA B200,GPU-709d3f1a-3fca-36e4-22a6-e4e7e1d8c33e,1,1  0  1180  183359,1  2  1180  183359
2026-06-04T11:20:12.854493+00:00,qwen-edit,small,qwen-edit__small__B189_H24_D128_R128__pdlab,189,24,128,128,False,1e-06,bfloat16,int64,False,41.6960,44.7280,14.0557,39.6800,40.5440,48.8960,41.6960,44.7869,6.7284,40.0960,40.6080,56.4800,1.0000,100,1,/usr/bin/python benchmark.py --pdl-ab,aaf8275b6,aaf8275b6+pdlab,ion-b200,1,0,NVIDIA B200,GPU-709d3f1a-3fca-36e4-22a6-e4e7e1d8c33e,1,1  0  1180  183359,1  0  1180  183359
2026-06-04T11:20:13.092584+00:00,zimage,small,zimage__small__B32_H30_D128_R128__pdlab,32,30,128,128,False,1e-05,bfloat16,int64,False,41.3280,43.8035,8.7542,39.3280,40.0640,51.2960,41.3280,42.8688,4.4676,38.8800,40.1600,47.8080,1.0000,100,1,/usr/bin/python benchmark.py --pdl-ab,aaf8275b6,aaf8275b6+pdlab,ion-b200,1,0,NVIDIA B200,GPU-709d3f1a-3fca-36e4-22a6-e4e7e1d8c33e,1,1  2  1180  183359,1  2  1180  183359
,,,GEOMEAN_pdlab,,,,,,,,,,,,,,,,,,,,,,1.0035,,,/usr/bin/python benchmark.py --pdl-ab,aaf8275b6,aaf8275b6+pdlab,ion-b200,,,NVIDIA B200,,1,,
2026-06-04T11:20:22.618055+00:00,joyai-edit,large,joyai-edit__large__B7904_H32_D128_R128__devfair_sglbase,7904,32,128,128,False,1e-06,bfloat16,int64,False,88.1760,88.9782,6.8578,86.3040,86.7520,89.7920,70.4160,70.3805,1.7991,68.0640,68.7680,71.4240,1.2522,100,1,/usr/bin/python benchmark.py --device-fair,aaf8275b6,aaf8275b6+devfair_sglbase,ion-b200,1,0,NVIDIA B200,GPU-709d3f1a-3fca-36e4-22a6-e4e7e1d8c33e,1,1  4  1130  183359,1  16  1130  183359
2026-06-04T11:20:22.852005+00:00,qwen,large,qwen__large__B4096_H24_D128_R128__devfair_sglbase,4096,24,128,128,False,1e-06,bfloat16,int64,False,46.5280,47.5037,7.0020,44.2560,45.5680,48.1920,40.9600,41.9571,3.4478,38.8480,39.6800,43.3600,1.1359,100,1,/usr/bin/python benchmark.py --device-fair,aaf8275b6,aaf8275b6+devfair_sglbase,ion-b200,1,0,NVIDIA B200,GPU-709d3f1a-3fca-36e4-22a6-e4e7e1d8c33e,1,1  2  1130  183359,1  0  1130  183359
2026-06-04T11:20:23.096524+00:00,qwen-edit,large,qwen-edit__large__B8424_H24_D128_R128__devfair_sglbase,8424,24,128,128,False,1e-06,bfloat16,int64,False,80.1760,80.9629,5.7021,78.4000,79.0080,81.3440,68.6080,68.8858,1.6583,66.8800,67.5520,70.1440,1.1686,100,1,/usr/bin/python benchmark.py --device-fair,aaf8275b6,aaf8275b6+devfair_sglbase,ion-b200,1,0,NVIDIA B200,GPU-709d3f1a-3fca-36e4-22a6-e4e7e1d8c33e,1,1  7  1180  183359,1  13  1180  183359
2026-06-04T11:20:23.337527+00:00,zimage,large,zimage__large__B4096_H30_D128_R128__devfair_sglbase,4096,30,128,128,False,1e-05,bfloat16,int64,False,54.0800,55.0320,6.1360,52.1600,53.0240,55.6800,49.4720,49.8995,1.9791,47.6160,48.4480,50.8800,1.0931,100,1,/usr/bin/python benchmark.py --device-fair,aaf8275b6,aaf8275b6+devfair_sglbase,ion-b200,1,0,NVIDIA B200,GPU-709d3f1a-3fca-36e4-22a6-e4e7e1d8c33e,1,1  2  1180  183359,1  6  1180  183359
2026-06-04T11:20:23.586005+00:00,zimage,large,zimage__large__B4128_H30_D128_R128__devfair_sglbase,4128,30,128,128,False,1e-05,bfloat16,int64,False,54.0640,55.3037,6.8976,52.2880,52.8640,55.5840,49.9520,50.4067,1.9773,48.4480,49.0240,51.6800,1.0823,100,1,/usr/bin/python benchmark.py --device-fair,aaf8275b6,aaf8275b6+devfair_sglbase,ion-b200,1,0,NVIDIA B200,GPU-709d3f1a-3fca-36e4-22a6-e4e7e1d8c33e,1,1  3  1180  183359,1  9  1180  183359
2026-06-04T11:20:23.822058+00:00,qwen,small,qwen__small__B19_H24_D128_R128__devfair_sglbase,19,24,128,128,False,1e-06,bfloat16,int64,False,38.6400,40.6250,8.4131,36.3200,37.6960,43.0400,38.5600,40.5174,5.8906,36.0640,37.6320,45.1840,1.0021,100,1,/usr/bin/python benchmark.py --device-fair,aaf8275b6,aaf8275b6+devfair_sglbase,ion-b200,1,0,NVIDIA B200,GPU-709d3f1a-3fca-36e4-22a6-e4e7e1d8c33e,1,1  0  1180  183359,1  2  1180  183359
2026-06-04T11:20:24.076283+00:00,qwen,small,qwen__small__B47_H24_D128_R128__devfair_sglbase,47,24,128,128,False,1e-06,bfloat16,int64,False,14.6880,18.4842,9.6929,13.2800,13.8240,37.4720,14.7200,18.1587,8.1113,13.2800,14.0800,37.7920,0.9978,100,1,/usr/bin/python benchmark.py --device-fair,aaf8275b6,aaf8275b6+devfair_sglbase,ion-b200,1,0,NVIDIA B200,GPU-709d3f1a-3fca-36e4-22a6-e4e7e1d8c33e,1,1  0  1180  183359,1  0  1180  183359
2026-06-04T11:20:24.315161+00:00,qwen-edit,small,qwen-edit__small__B195_H24_D128_R128__devfair_sglbase,195,24,128,128,False,1e-06,bfloat16,int64,False,38.1440,40.4554,13.3411,36.1920,37.4080,42.0800,38.5760,40.0346,5.4242,36.2880,37.4720,42.8800,0.9888,100,1,/usr/bin/python benchmark.py --device-fair,aaf8275b6,aaf8275b6+devfair_sglbase,ion-b200,1,0,NVIDIA B200,GPU-709d3f1a-3fca-36e4-22a6-e4e7e1d8c33e,1,1  0  1180  183359,1  2  1180  183359
2026-06-04T11:20:24.550319+00:00,qwen-edit,small,qwen-edit__small__B189_H24_D128_R128__devfair_sglbase,189,24,128,128,False,1e-06,bfloat16,int64,False,38.5280,37.3933,12.6684,14.2400,15.3280,40.5440,38.2080,36.5488,11.5864,14.3040,15.1680,40.5440,1.0084,100,1,/usr/bin/python benchmark.py --device-fair,aaf8275b6,aaf8275b6+devfair_sglbase,ion-b200,1,0,NVIDIA B200,GPU-709d3f1a-3fca-36e4-22a6-e4e7e1d8c33e,1,1  0  1180  183359,1  0  1180  183359
2026-06-04T11:20:24.785227+00:00,zimage,small,zimage__small__B32_H30_D128_R128__devfair_sglbase,32,30,128,128,False,1e-05,bfloat16,int64,False,38.3680,40.1773,8.5014,36.0320,37.2160,40.4480,38.2080,40.0086,5.6836,36.0000,36.9920,46.8480,1.0042,100,1,/usr/bin/python benchmark.py --device-fair,aaf8275b6,aaf8275b6+devfair_sglbase,ion-b200,1,0,NVIDIA B200,GPU-709d3f1a-3fca-36e4-22a6-e4e7e1d8c33e,1,1  2  1180  183359,1  2  1180  183359
,,,GEOMEAN_devfair_sglbase,,,,,,,,,,,,,,,,,,,,,,1.0701,,,/usr/bin/python benchmark.py --device-fair,aaf8275b6,aaf8275b6+devfair_sglbase,ion-b200,,,NVIDIA B200,,1,,
2026-06-04T11:39:05.637599+00:00,joyai-edit,large,joyai-edit__large__B7904_H32_D128_R128__devfair_staged2,7904,32,128,128,False,1e-06,bfloat16,int64,False,88.6880,89.6854,10.3155,86.6560,87.1680,89.9200,72.5920,72.5891,1.5573,70.4960,71.2960,73.5680,1.2217,100,1,/usr/bin/python benchmark.py --device-fair,355f3bf2a,355f3bf2a+devfair_staged2,ion-b200,1,0,NVIDIA B200,GPU-709d3f1a-3fca-36e4-22a6-e4e7e1d8c33e,1,1  4  1130  183359,1  13  1130  183359
2026-06-04T11:39:05.874955+00:00,qwen,large,qwen__large__B4096_H24_D128_R128__devfair_staged2,4096,24,128,128,False,1e-06,bfloat16,int64,False,47.5360,48.3363,6.6053,45.2480,46.1760,49.1200,42.9120,43.2714,2.0717,40.4480,41.8880,44.2240,1.1078,100,1,/usr/bin/python benchmark.py --device-fair,355f3bf2a,355f3bf2a+devfair_staged2,ion-b200,1,0,NVIDIA B200,GPU-709d3f1a-3fca-36e4-22a6-e4e7e1d8c33e,1,1  3  1130  183359,1  2  1130  183359
2026-06-04T11:39:06.127264+00:00,qwen-edit,large,qwen-edit__large__B8424_H24_D128_R128__devfair_staged2,8424,24,128,128,False,1e-06,bfloat16,int64,False,81.0080,81.9843,5.3592,79.1360,80.0640,82.6880,69.6320,70.0221,1.7889,67.6800,68.6080,71.5200,1.1634,100,1,/usr/bin/python benchmark.py --device-fair,355f3bf2a,355f3bf2a+devfair_staged2,ion-b200,1,0,NVIDIA B200,GPU-709d3f1a-3fca-36e4-22a6-e4e7e1d8c33e,1,1  3  1180  183359,1  13  1180  183359
2026-06-04T11:39:06.376910+00:00,zimage,large,zimage__large__B4096_H30_D128_R128__devfair_staged2,4096,30,128,128,False,1e-05,bfloat16,int64,False,55.4240,56.1386,5.8171,53.1200,54.4320,56.8000,50.3200,50.6755,2.1370,48.3840,49.2480,51.6800,1.1014,100,1,/usr/bin/python benchmark.py --device-fair,355f3bf2a,355f3bf2a+devfair_staged2,ion-b200,1,0,NVIDIA B200,GPU-709d3f1a-3fca-36e4-22a6-e4e7e1d8c33e,1,1  0  1180  183359,1  2  1180  183359
2026-06-04T11:39:06.618282+00:00,zimage,large,zimage__large__B4128_H30_D128_R128__devfair_staged2,4128,30,128,128,False,1e-05,bfloat16,int64,False,55.4560,56.6826,6.1257,53.6000,54.2080,59.9040,50.8640,51.0784,1.4636,49.4080,49.9200,52.0640,1.0903,100,1,/usr/bin/python benchmark.py --device-fair,355f3bf2a,355f3bf2a+devfair_staged2,ion-b200,1,0,NVIDIA B200,GPU-709d3f1a-3fca-36e4-22a6-e4e7e1d8c33e,1,1  2  1180  183359,1  9  1180  183359
2026-06-04T11:39:06.880759+00:00,qwen,small,qwen__small__B19_H24_D128_R128__devfair_staged2,19,24,128,128,False,1e-06,bfloat16,int64,False,40.7200,44.9741,33.6478,38.7520,39.7440,44.6080,40.6880,41.8246,6.7937,39.1360,39.5200,43.2640,1.0008,100,1,/usr/bin/python benchmark.py --device-fair,355f3bf2a,355f3bf2a+devfair_staged2,ion-b200,1,0,NVIDIA B200,GPU-709d3f1a-3fca-36e4-22a6-e4e7e1d8c33e,1,1  0  1180  183359,1  0  1180  183359
2026-06-04T11:39:07.119662+00:00,qwen,small,qwen__small__B47_H24_D128_R128__devfair_staged2,47,24,128,128,False,1e-06,bfloat16,int64,False,40.1120,41.3408,7.2845,37.1840,38.8800,42.8160,39.8400,40.3987,2.3080,38.0480,38.9440,41.7280,1.0068,100,1,/usr/bin/python benchmark.py --device-fair,355f3bf2a,355f3bf2a+devfair_staged2,ion-b200,1,0,NVIDIA B200,GPU-709d3f1a-3fca-36e4-22a6-e4e7e1d8c33e,1,1  0  1180  183359,1  2  1180  183359
2026-06-04T11:39:07.358202+00:00,qwen-edit,small,qwen-edit__small__B195_H24_D128_R128__devfair_staged2,195,24,128,128,False,1e-06,bfloat16,int64,False,39.3760,40.3299,7.0321,37.0560,38.4000,40.8000,39.5680,40.2058,3.6030,37.4720,38.4320,40.9280,0.9951,100,1,/usr/bin/python benchmark.py --device-fair,355f3bf2a,355f3bf2a+devfair_staged2,ion-b200,1,0,NVIDIA B200,GPU-709d3f1a-3fca-36e4-22a6-e4e7e1d8c33e,1,1  0  1180  183359,1  0  1180  183359
2026-06-04T11:39:07.680869+00:00,qwen-edit,small,qwen-edit__small__B189_H24_D128_R128__devfair_staged2,189,24,128,128,False,1e-06,bfloat16,int64,False,39.5520,41.1190,8.0506,37.6000,38.6560,41.5680,39.4720,40.1514,2.5749,37.7600,38.5600,41.4080,1.0020,100,1,/usr/bin/python benchmark.py --device-fair,355f3bf2a,355f3bf2a+devfair_staged2,ion-b200,1,0,NVIDIA B200,GPU-709d3f1a-3fca-36e4-22a6-e4e7e1d8c33e,1,1  2  1180  183359,1  0  1180  183359
2026-06-04T11:39:07.923634+00:00,zimage,small,zimage__small__B32_H30_D128_R128__devfair_staged2,32,30,128,128,False,1e-05,bfloat16,int64,False,39.4240,40.4893,7.1843,37.6960,38.5600,40.8320,39.6160,40.8656,6.0981,37.7600,38.3680,41.5360,0.9952,100,1,/usr/bin/python benchmark.py --device-fair,355f3bf2a,355f3bf2a+devfair_staged2,ion-b200,1,0,NVIDIA B200,GPU-709d3f1a-3fca-36e4-22a6-e4e7e1d8c33e,1,1  0  1180  183359,1  2  1180  183359
,,,GEOMEAN_devfair_staged2,,,,,,,,,,,,,,,,,,,,,,1.0658,,,/usr/bin/python benchmark.py --device-fair,355f3bf2a,355f3bf2a+devfair_staged2,ion-b200,,,NVIDIA B200,,1,,
2026-06-04T11:39:24.107314+00:00,joyai-edit,large,joyai-edit__large__B7904_H32_D128_R128__devfair,7904,32,128,128,False,1e-06,bfloat16,int64,False,88.2560,88.9629,6.6841,86.3040,87.0080,89.6000,70.5440,70.5696,1.7300,68.0960,69.0560,71.5200,1.2511,100,1,/usr/bin/python benchmark.py --device-fair,355f3bf2a,355f3bf2a+devfair,ion-b200,1,0,NVIDIA B200,GPU-709d3f1a-3fca-36e4-22a6-e4e7e1d8c33e,1,1  1  1130  183359,1  15  1130  183359
2026-06-04T11:39:24.353712+00:00,qwen,large,qwen__large__B4096_H24_D128_R128__devfair,4096,24,128,128,False,1e-06,bfloat16,int64,False,46.7840,47.7261,6.6524,44.7040,45.5360,48.6720,41.1200,41.9206,3.2400,39.3280,39.9040,43.7760,1.1377,100,1,/usr/bin/python benchmark.py --device-fair,355f3bf2a,355f3bf2a+devfair,ion-b200,1,0,NVIDIA B200,GPU-709d3f1a-3fca-36e4-22a6-e4e7e1d8c33e,1,1  2  1130  183359,1  0  1130  183359
2026-06-04T11:39:24.613867+00:00,qwen-edit,large,qwen-edit__large__B8424_H24_D128_R128__devfair,8424,24,128,128,False,1e-06,bfloat16,int64,False,80.1120,81.0848,5.6200,78.3040,78.9440,81.6640,68.6880,69.3434,2.4673,67.0720,67.6800,70.9760,1.1663,100,1,/usr/bin/python benchmark.py --device-fair,355f3bf2a,355f3bf2a+devfair,ion-b200,1,0,NVIDIA B200,GPU-709d3f1a-3fca-36e4-22a6-e4e7e1d8c33e,1,1  7  1180  183359,1  13  1180  183359
2026-06-04T11:39:24.941121+00:00,zimage,large,zimage__large__B4096_H30_D128_R128__devfair,4096,30,128,128,False,1e-05,bfloat16,int64,False,54.3520,55.1085,5.9536,52.4160,53.1200,55.8720,49.6160,50.1446,2.6568,47.8400,48.5760,51.0400,1.0955,100,1,/usr/bin/python benchmark.py --device-fair,355f3bf2a,355f3bf2a+devfair,ion-b200,1,0,NVIDIA B200,GPU-709d3f1a-3fca-36e4-22a6-e4e7e1d8c33e,1,1  2  1180  183359,1  0  1180  183359
2026-06-04T11:39:25.201022+00:00,zimage,large,zimage__large__B4128_H30_D128_R128__devfair,4128,30,128,128,False,1e-05,bfloat16,int64,False,54.3520,56.1427,10.3118,52.3840,53.2800,56.0960,50.1440,50.7421,3.4824,48.0640,49.0240,51.7760,1.0839,100,1,/usr/bin/python benchmark.py --device-fair,355f3bf2a,355f3bf2a+devfair,ion-b200,1,0,NVIDIA B200,GPU-709d3f1a-3fca-36e4-22a6-e4e7e1d8c33e,1,1  0  1180  183359,1  9  1180  183359
2026-06-04T11:39:25.448042+00:00,qwen,small,qwen__small__B19_H24_D128_R128__devfair,19,24,128,128,False,1e-06,bfloat16,int64,False,38.7840,40.0502,7.7110,36.6400,37.6960,40.8640,38.9760,39.7498,2.7500,37.3440,37.9840,42.9760,0.9951,100,1,/usr/bin/python benchmark.py --device-fair,355f3bf2a,355f3bf2a+devfair,ion-b200,1,0,NVIDIA B200,GPU-709d3f1a-3fca-36e4-22a6-e4e7e1d8c33e,1,1  0  1180  183359,1  1  1180  183359
2026-06-04T11:39:25.691272+00:00,qwen,small,qwen__small__B47_H24_D128_R128__devfair,47,24,128,128,False,1e-06,bfloat16,int64,False,38.6080,40.4240,11.8896,37.2160,37.7280,40.2240,38.8480,39.7843,3.7214,37.3440,37.8240,41.2800,0.9938,100,1,/usr/bin/python benchmark.py --device-fair,355f3bf2a,355f3bf2a+devfair,ion-b200,1,0,NVIDIA B200,GPU-709d3f1a-3fca-36e4-22a6-e4e7e1d8c33e,1,1  1  1180  183359,1  2  1180  183359
2026-06-04T11:39:25.933201+00:00,qwen-edit,small,qwen-edit__small__B195_H24_D128_R128__devfair,195,24,128,128,False,1e-06,bfloat16,int64,False,38.5600,39.9494,8.1264,36.8320,37.6320,40.3520,38.5920,39.2797,2.4678,36.8000,37.7600,40.2880,0.9992,100,1,/usr/bin/python benchmark.py --device-fair,355f3bf2a,355f3bf2a+devfair,ion-b200,1,0,NVIDIA B200,GPU-709d3f1a-3fca-36e4-22a6-e4e7e1d8c33e,1,1  0  1180  183359,1  2  1180  183359
2026-06-04T11:39:26.178453+00:00,qwen-edit,small,qwen-edit__small__B189_H24_D128_R128__devfair,189,24,128,128,False,1e-06,bfloat16,int64,False,38.8160,40.0125,7.5120,36.8000,37.8880,40.4160,38.8640,39.5082,3.0069,36.7040,37.6640,40.8000,0.9988,100,1,/usr/bin/python benchmark.py --device-fair,355f3bf2a,355f3bf2a+devfair,ion-b200,1,0,NVIDIA B200,GPU-709d3f1a-3fca-36e4-22a6-e4e7e1d8c33e,1,1  0  1180  183359,1  0  1180  183359
2026-06-04T11:39:26.420622+00:00,zimage,small,zimage__small__B32_H30_D128_R128__devfair,32,30,128,128,False,1e-05,bfloat16,int64,False,38.7840,40.7318,8.0030,36.8320,37.7280,43.4240,38.6880,40.0131,4.8442,36.8320,37.4720,42.4640,1.0025,100,1,/usr/bin/python benchmark.py --device-fair,355f3bf2a,355f3bf2a+devfair,ion-b200,1,0,NVIDIA B200,GPU-709d3f1a-3fca-36e4-22a6-e4e7e1d8c33e,1,1  0  1180  183359,1  2  1180  183359
,,,GEOMEAN_devfair,,,,,,,,,,,,,,,,,,,,,,1.0691,,,/usr/bin/python benchmark.py --device-fair,355f3bf2a,355f3bf2a+devfair,ion-b200,,,NVIDIA B200,,1,,
2026-06-04T12:00:37.758243+00:00,joyai-edit,large,joyai-edit__large__B7904_H32_D128_R128__intree_r9,7904,32,128,128,False,1e-06,bfloat16,int64,False,93.0240,93.3760,1.5713,91.8080,92.1600,94.6240,76.9600,77.1840,1.4027,74.9760,75.9360,78.3680,1.2087,100,1,"python profile/in_sglang/validate_in_tree.py measure/compare (run2 recorded, run1 cross-check)",f46075e69,f46075e69+intree_r9,ion-b200,1,0,NVIDIA B200,GPU-709d3f1a-3fca-36e4-22a6-e4e7e1d8c33e,1,ion-b200-intree-r9;sglang-0b65588c1;worktree-cand-874b1bfa;register_custom_op-preserved;tvmffi-cache-isolated;run2-warm;1 0% 0MiB,1 0% 0MiB
2026-06-04T12:00:37.758358+00:00,qwen,large,qwen__large__B4096_H24_D128_R128__intree_r9,4096,24,128,128,False,1e-06,bfloat16,int64,False,45.0880,45.1469,0.6239,44.1600,44.4480,45.6960,36.1280,36.3731,0.8856,34.9120,35.5200,37.5680,1.2480,100,1,"python profile/in_sglang/validate_in_tree.py measure/compare (run2 recorded, run1 cross-check)",f46075e69,f46075e69+intree_r9,ion-b200,1,0,NVIDIA B200,GPU-709d3f1a-3fca-36e4-22a6-e4e7e1d8c33e,1,ion-b200-intree-r9;sglang-0b65588c1;worktree-cand-874b1bfa;register_custom_op-preserved;tvmffi-cache-isolated;run2-warm;1 0% 0MiB,1 0% 0MiB
2026-06-04T12:00:37.758365+00:00,qwen-edit,large,qwen-edit__large__B8424_H24_D128_R128__intree_r9,8424,24,128,128,False,1e-06,bfloat16,int64,False,76.0000,75.9395,1.0211,73.6640,74.7200,76.8960,66.6080,67.5507,7.6897,64.4480,65.5040,68.0640,1.1410,100,1,"python profile/in_sglang/validate_in_tree.py measure/compare (run2 recorded, run1 cross-check)",f46075e69,f46075e69+intree_r9,ion-b200,1,0,NVIDIA B200,GPU-709d3f1a-3fca-36e4-22a6-e4e7e1d8c33e,1,ion-b200-intree-r9;sglang-0b65588c1;worktree-cand-874b1bfa;register_custom_op-preserved;tvmffi-cache-isolated;run2-warm;1 0% 0MiB,1 0% 0MiB
2026-06-04T12:00:37.758370+00:00,zimage,large,zimage__large__B4096_H30_D128_R128__intree_r9,4096,30,128,128,False,1e-05,bfloat16,int64,False,53.2960,53.3610,1.0191,51.4880,52.2560,54.2400,42.3840,42.4048,0.7220,40.8320,41.5360,43.2960,1.2575,100,1,"python profile/in_sglang/validate_in_tree.py measure/compare (run2 recorded, run1 cross-check)",f46075e69,f46075e69+intree_r9,ion-b200,1,0,NVIDIA B200,GPU-709d3f1a-3fca-36e4-22a6-e4e7e1d8c33e,1,ion-b200-intree-r9;sglang-0b65588c1;worktree-cand-874b1bfa;register_custom_op-preserved;tvmffi-cache-isolated;run2-warm;1 0% 0MiB,1 0% 0MiB
2026-06-04T12:00:37.758376+00:00,zimage,large,zimage__large__B4128_H30_D128_R128__intree_r9,4128,30,128,128,False,1e-05,bfloat16,int64,False,53.4400,53.5702,1.0686,51.6800,52.5120,54.4320,42.0320,41.9264,0.9001,40.1920,40.8320,42.7840,1.2714,100,1,"python profile/in_sglang/validate_in_tree.py measure/compare (run2 recorded, run1 cross-check)",f46075e69,f46075e69+intree_r9,ion-b200,1,0,NVIDIA B200,GPU-709d3f1a-3fca-36e4-22a6-e4e7e1d8c33e,1,ion-b200-intree-r9;sglang-0b65588c1;worktree-cand-874b1bfa;register_custom_op-preserved;tvmffi-cache-isolated;run2-warm;1 0% 0MiB,1 0% 0MiB
2026-06-04T12:00:37.758381+00:00,qwen,small,qwen__small__B19_H24_D128_R128__intree_r9,19,24,128,128,False,1e-06,bfloat16,int64,False,22.2720,22.4198,1.0645,20.6720,21.5360,23.1680,22.6560,22.8122,0.9721,21.2480,21.9520,23.4880,0.9831,100,1,"python profile/in_sglang/validate_in_tree.py measure/compare (run2 recorded, run1 cross-check)",f46075e69,f46075e69+intree_r9,ion-b200,1,0,NVIDIA B200,GPU-709d3f1a-3fca-36e4-22a6-e4e7e1d8c33e,1,ion-b200-intree-r9;sglang-0b65588c1;worktree-cand-874b1bfa;register_custom_op-preserved;tvmffi-cache-isolated;run2-warm;1 0% 0MiB,1 0% 0MiB
2026-06-04T12:00:37.758386+00:00,qwen,small,qwen__small__B47_H24_D128_R128__intree_r9,47,24,128,128,False,1e-06,bfloat16,int64,False,22.4160,22.8310,1.8717,20.8000,21.6320,23.8720,22.6240,22.8250,1.1586,21.5040,21.9200,23.3280,0.9908,100,1,"python profile/in_sglang/validate_in_tree.py measure/compare (run2 recorded, run1 cross-check)",f46075e69,f46075e69+intree_r9,ion-b200,1,0,NVIDIA B200,GPU-709d3f1a-3fca-36e4-22a6-e4e7e1d8c33e,1,ion-b200-intree-r9;sglang-0b65588c1;worktree-cand-874b1bfa;register_custom_op-preserved;tvmffi-cache-isolated;run2-warm;1 0% 0MiB,1 0% 0MiB
2026-06-04T12:00:37.758394+00:00,qwen-edit,small,qwen-edit__small__B195_H24_D128_R128__intree_r9,195,24,128,128,False,1e-06,bfloat16,int64,False,22.2240,22.4992,1.2129,20.8960,21.6640,23.1040,22.7360,22.9571,1.5746,21.2800,21.9200,23.3600,0.9775,100,1,"python profile/in_sglang/validate_in_tree.py measure/compare (run2 recorded, run1 cross-check)",f46075e69,f46075e69+intree_r9,ion-b200,1,0,NVIDIA B200,GPU-709d3f1a-3fca-36e4-22a6-e4e7e1d8c33e,1,ion-b200-intree-r9;sglang-0b65588c1;worktree-cand-874b1bfa;register_custom_op-preserved;tvmffi-cache-isolated;run2-warm;1 0% 0MiB,1 0% 0MiB
2026-06-04T12:00:37.758401+00:00,qwen-edit,small,qwen-edit__small__B189_H24_D128_R128__intree_r9,189,24,128,128,False,1e-06,bfloat16,int64,False,22.1760,22.4192,1.2976,20.9920,21.5040,22.9760,22.7840,22.9478,1.0769,21.4400,22.0480,23.6160,0.9733,100,1,"python profile/in_sglang/validate_in_tree.py measure/compare (run2 recorded, run1 cross-check)",f46075e69,f46075e69+intree_r9,ion-b200,1,0,NVIDIA B200,GPU-709d3f1a-3fca-36e4-22a6-e4e7e1d8c33e,1,ion-b200-intree-r9;sglang-0b65588c1;worktree-cand-874b1bfa;register_custom_op-preserved;tvmffi-cache-isolated;run2-warm;1 0% 0MiB,1 0% 0MiB
2026-06-04T12:00:37.758406+00:00,zimage,small,zimage__small__B32_H30_D128_R128__intree_r9,32,30,128,128,False,1e-05,bfloat16,int64,False,22.4960,22.8448,1.3726,21.4080,21.7600,24.3520,22.7200,22.8803,1.1836,21.4080,22.0800,23.3280,0.9901,100,1,"python profile/in_sglang/validate_in_tree.py measure/compare (run2 recorded, run1 cross-check)",f46075e69,f46075e69+intree_r9,ion-b200,1,0,NVIDIA B200,GPU-709d3f1a-3fca-36e4-22a6-e4e7e1d8c33e,1,ion-b200-intree-r9;sglang-0b65588c1;worktree-cand-874b1bfa;register_custom_op-preserved;tvmffi-cache-isolated;run2-warm;1 0% 0MiB,1 0% 0MiB
,,,GEOMEAN_intree_r9,,,,,,,,,,,,,,,,,,,,,,1.0970,,,"python profile/in_sglang/validate_in_tree.py measure/compare (run2 recorded, run1 cross-check)",f46075e69,f46075e69+intree_r9,ion-b200,1,0,NVIDIA B200,GPU-709d3f1a-3fca-36e4-22a6-e4e7e1d8c33e,1,ion-b200-intree-r9;sglang-0b65588c1;worktree-cand-874b1bfa;register_custom_op-preserved;tvmffi-cache-isolated;run2-warm;1 0% 0MiB,1 0% 0MiB
