ts,mode,shape,dtype,metric,baseline_us,candidate_us,speedup_x,median_us,mean_us,std_us,min_us,p10_us,p90_us,gpu_time_us,host_overhead_us,achieved_gbps,host,gpu_id,gpu_model,sglang_commit,baseline_pin,candidate_version,warmup,iters,command,slug,notes,remote_kda_dir
2026-06-04T09:03:00.607422+00:00,baseline_lock,production__single__B1S4096F1D3840__bfloat16__rms__affW__sc11D__shBSD,bfloat16,median_us,82.3570,,,82.3570,89.1965,48.7954,79.0770,80.2900,90.4449,65.9840,16.3730,1430.5,ion8-h200,0,NVIDIA H200,84e1108312,0689ba84b,baseline(vendored-pin),25,100,python benchmark.py --lock --host ion8-h200,h200_diffusion_cutedsl_norm_tanh_mul_add__multi_shape,"gpu0 util/memMiB=0, 4 other_compute_procs=0",/home/sglang-omni/bbuf/kda_runs/h200_diffusion_cutedsl_norm_tanh_mul_add__multi_shape/2026-06-04_16-05-34
2026-06-04T09:03:01.134123+00:00,baseline_lock,production__dual__B1S4096F1D3840__bfloat16__rms__affW__sc11D__shBSD,bfloat16,median_us,106.8035,,,106.8035,107.6564,2.7263,103.9749,105.3060,111.1950,77.7920,29.0115,1617.9,ion8-h200,0,NVIDIA H200,84e1108312,0689ba84b,baseline(vendored-pin),25,100,python benchmark.py --lock --host ion8-h200,h200_diffusion_cutedsl_norm_tanh_mul_add__multi_shape,"gpu0 util/memMiB=0, 4 other_compute_procs=0",/home/sglang-omni/bbuf/kda_runs/h200_diffusion_cutedsl_norm_tanh_mul_add__multi_shape/2026-06-04_16-05-34
2026-06-04T09:03:01.152602+00:00,baseline_lock,production__single__B1S4128F1D3840__bfloat16__rms__affW__sc11D__shBSD,bfloat16,median_us,81.3956,,,81.3956,82.5792,3.2343,79.0679,80.0691,86.9890,65.9840,15.4116,1441.6,ion8-h200,0,NVIDIA H200,84e1108312,0689ba84b,baseline(vendored-pin),25,100,python benchmark.py --lock --host ion8-h200,h200_diffusion_cutedsl_norm_tanh_mul_add__multi_shape,"gpu0 util/memMiB=0, 4 other_compute_procs=0",/home/sglang-omni/bbuf/kda_runs/h200_diffusion_cutedsl_norm_tanh_mul_add__multi_shape/2026-06-04_16-05-34
2026-06-04T09:03:01.174999+00:00,baseline_lock,production__dual__B1S4128F1D3840__bfloat16__rms__affW__sc11D__shBSD,bfloat16,median_us,107.7240,,,107.7240,108.6922,3.1906,105.0250,105.7270,112.4670,77.5680,30.1560,1635.2,ion8-h200,0,NVIDIA H200,84e1108312,0689ba84b,baseline(vendored-pin),25,100,python benchmark.py --lock --host ion8-h200,h200_diffusion_cutedsl_norm_tanh_mul_add__multi_shape,"gpu0 util/memMiB=0, 4 other_compute_procs=0",/home/sglang-omni/bbuf/kda_runs/h200_diffusion_cutedsl_norm_tanh_mul_add__multi_shape/2026-06-04_16-05-34
2026-06-04T09:03:31.506329+00:00,candidate_vs_locked,production__single__B1S4096F1D3840__bfloat16__rms__affW__sc11D__shBSD,bfloat16,median_us,82.3570,6073.4069,0.0136,6073.4069,6250.1287,564.2991,5232.1639,5742.9820,7328.6348,6102.6881,-29.2812,15.5,ion8-h200,0,NVIDIA H200,84e1108312,0689ba84b,4138cd3-r1-cuda-port-INVALIDATED,25,100,python benchmark.py --host ion8-h200 --candidate-version 4138cd3-r1-cuda-port,h200_diffusion_cutedsl_norm_tanh_mul_add__multi_shape,device_speedup_x=0.0108 (locked gpu 65.984us) | INVALIDATED: jit-cache bug re-entered load_inline per call (~6ms/call); see solutions.jsonl candidate-v1-cuda-port; NOT citable,/home/sglang-omni/bbuf/kda_runs/h200_diffusion_cutedsl_norm_tanh_mul_add__multi_shape/2026-06-04_16-05-34
2026-06-04T09:03:32.035489+00:00,baseline_seq_rerun,production__single__B1S4096F1D3840__bfloat16__rms__affW__sc11D__shBSD,bfloat16,median_us,82.4219,,,82.4219,83.2424,2.8954,80.5291,81.0202,85.3469,67.6000,14.8219,,ion8-h200,0,NVIDIA H200,84e1108312,0689ba84b,baseline(vendored-pin),25,100,python benchmark.py --host ion8-h200 --candidate-version 4138cd3-r1-cuda-port,h200_diffusion_cutedsl_norm_tanh_mul_add__multi_shape,drift_vs_locked=1.0008,/home/sglang-omni/bbuf/kda_runs/h200_diffusion_cutedsl_norm_tanh_mul_add__multi_shape/2026-06-04_16-05-34
2026-06-04T09:03:32.765178+00:00,interleaved_ab,production__single__B1S4096F1D3840__bfloat16__rms__affW__sc11D__shBSD,bfloat16,median_us,162.3260,6112.0444,0.0266,,,,,,,6084.7681,27.2764,,ion8-h200,0,NVIDIA H200,84e1108312,0689ba84b,4138cd3-r1-cuda-port-INVALIDATED,12,100,python benchmark.py --host ion8-h200 --candidate-version 4138cd3-r1-cuda-port,h200_diffusion_cutedsl_norm_tanh_mul_add__multi_shape,alternating AB/BA; gpu_a=145.5520us gpu_b=6084.7681us device_speedup_x=0.0239; symmetric harness path | INVALIDATED: jit-cache bug re-entered load_inline per call (~6ms/call); see solutions.jsonl candidate-v1-cuda-port; NOT citable,/home/sglang-omni/bbuf/kda_runs/h200_diffusion_cutedsl_norm_tanh_mul_add__multi_shape/2026-06-04_16-05-34
2026-06-04T09:03:34.169449+00:00,candidate_vs_locked,production__dual__B1S4096F1D3840__bfloat16__rms__affW__sc11D__shBSD,bfloat16,median_us,106.8035,6050.9735,0.0177,6050.9735,6205.9238,514.7337,5587.0898,5767.0081,7352.5808,6047.3919,3.5817,20.8,ion8-h200,0,NVIDIA H200,84e1108312,0689ba84b,4138cd3-r1-cuda-port-INVALIDATED,25,100,python benchmark.py --host ion8-h200 --candidate-version 4138cd3-r1-cuda-port,h200_diffusion_cutedsl_norm_tanh_mul_add__multi_shape,device_speedup_x=0.0129 (locked gpu 77.792us) | INVALIDATED: jit-cache bug re-entered load_inline per call (~6ms/call); see solutions.jsonl candidate-v1-cuda-port; NOT citable,/home/sglang-omni/bbuf/kda_runs/h200_diffusion_cutedsl_norm_tanh_mul_add__multi_shape/2026-06-04_16-05-34
2026-06-04T09:03:34.701466+00:00,baseline_seq_rerun,production__dual__B1S4096F1D3840__bfloat16__rms__affW__sc11D__shBSD,bfloat16,median_us,108.6759,,,108.6759,109.3795,2.7225,106.0481,107.0490,113.1380,79.2800,29.3959,,ion8-h200,0,NVIDIA H200,84e1108312,0689ba84b,baseline(vendored-pin),25,100,python benchmark.py --host ion8-h200 --candidate-version 4138cd3-r1-cuda-port,h200_diffusion_cutedsl_norm_tanh_mul_add__multi_shape,drift_vs_locked=1.0175,/home/sglang-omni/bbuf/kda_runs/h200_diffusion_cutedsl_norm_tanh_mul_add__multi_shape/2026-06-04_16-05-34
2026-06-04T09:03:35.447885+00:00,interleaved_ab,production__dual__B1S4096F1D3840__bfloat16__rms__affW__sc11D__shBSD,bfloat16,median_us,200.0519,6218.2519,0.0322,,,,,,,6191.7121,26.5397,,ion8-h200,0,NVIDIA H200,84e1108312,0689ba84b,4138cd3-r1-cuda-port-INVALIDATED,12,100,python benchmark.py --host ion8-h200 --candidate-version 4138cd3-r1-cuda-port,h200_diffusion_cutedsl_norm_tanh_mul_add__multi_shape,alternating AB/BA; gpu_a=183.2960us gpu_b=6191.7121us device_speedup_x=0.0296; symmetric harness path | INVALIDATED: jit-cache bug re-entered load_inline per call (~6ms/call); see solutions.jsonl candidate-v1-cuda-port; NOT citable,/home/sglang-omni/bbuf/kda_runs/h200_diffusion_cutedsl_norm_tanh_mul_add__multi_shape/2026-06-04_16-05-34
2026-06-04T09:03:36.855055+00:00,candidate_vs_locked,production__single__B1S4128F1D3840__bfloat16__rms__affW__sc11D__shBSD,bfloat16,median_us,81.3956,6123.4166,0.0133,6123.4166,6293.2838,505.9831,5644.1650,5834.2679,7365.2389,6104.6400,18.7766,15.6,ion8-h200,0,NVIDIA H200,84e1108312,0689ba84b,4138cd3-r1-cuda-port-INVALIDATED,25,100,python benchmark.py --host ion8-h200 --candidate-version 4138cd3-r1-cuda-port,h200_diffusion_cutedsl_norm_tanh_mul_add__multi_shape,device_speedup_x=0.0108 (locked gpu 65.984us) | INVALIDATED: jit-cache bug re-entered load_inline per call (~6ms/call); see solutions.jsonl candidate-v1-cuda-port; NOT citable,/home/sglang-omni/bbuf/kda_runs/h200_diffusion_cutedsl_norm_tanh_mul_add__multi_shape/2026-06-04_16-05-34
2026-06-04T09:03:36.873226+00:00,baseline_seq_rerun,production__single__B1S4128F1D3840__bfloat16__rms__affW__sc11D__shBSD,bfloat16,median_us,83.4389,,,83.4389,84.2246,2.5394,81.8111,82.3019,86.7781,68.3680,15.0709,,ion8-h200,0,NVIDIA H200,84e1108312,0689ba84b,baseline(vendored-pin),25,100,python benchmark.py --host ion8-h200 --candidate-version 4138cd3-r1-cuda-port,h200_diffusion_cutedsl_norm_tanh_mul_add__multi_shape,drift_vs_locked=1.0251,/home/sglang-omni/bbuf/kda_runs/h200_diffusion_cutedsl_norm_tanh_mul_add__multi_shape/2026-06-04_16-05-34
2026-06-04T09:03:37.601762+00:00,interleaved_ab,production__single__B1S4128F1D3840__bfloat16__rms__affW__sc11D__shBSD,bfloat16,median_us,171.6695,6130.2270,0.0280,,,,,,,6102.0000,28.2270,,ion8-h200,0,NVIDIA H200,84e1108312,0689ba84b,4138cd3-r1-cuda-port-INVALIDATED,12,100,python benchmark.py --host ion8-h200 --candidate-version 4138cd3-r1-cuda-port,h200_diffusion_cutedsl_norm_tanh_mul_add__multi_shape,alternating AB/BA; gpu_a=153.8560us gpu_b=6102.0000us device_speedup_x=0.0252; symmetric harness path | INVALIDATED: jit-cache bug re-entered load_inline per call (~6ms/call); see solutions.jsonl candidate-v1-cuda-port; NOT citable,/home/sglang-omni/bbuf/kda_runs/h200_diffusion_cutedsl_norm_tanh_mul_add__multi_shape/2026-06-04_16-05-34
2026-06-04T09:03:39.007836+00:00,candidate_vs_locked,production__dual__B1S4128F1D3840__bfloat16__rms__affW__sc11D__shBSD,bfloat16,median_us,107.7240,6076.9975,0.0177,6076.9975,6157.1712,400.4641,5667.5698,5750.6030,6504.6230,6123.7280,-46.7305,20.7,ion8-h200,0,NVIDIA H200,84e1108312,0689ba84b,4138cd3-r1-cuda-port-INVALIDATED,25,100,python benchmark.py --host ion8-h200 --candidate-version 4138cd3-r1-cuda-port,h200_diffusion_cutedsl_norm_tanh_mul_add__multi_shape,device_speedup_x=0.0127 (locked gpu 77.568us) | INVALIDATED: jit-cache bug re-entered load_inline per call (~6ms/call); see solutions.jsonl candidate-v1-cuda-port; NOT citable,/home/sglang-omni/bbuf/kda_runs/h200_diffusion_cutedsl_norm_tanh_mul_add__multi_shape/2026-06-04_16-05-34
2026-06-04T09:03:39.030483+00:00,baseline_seq_rerun,production__dual__B1S4128F1D3840__bfloat16__rms__affW__sc11D__shBSD,bfloat16,median_us,110.2441,,,110.2441,111.8311,4.5485,107.3391,108.7210,117.3550,80.4160,29.8281,,ion8-h200,0,NVIDIA H200,84e1108312,0689ba84b,baseline(vendored-pin),25,100,python benchmark.py --host ion8-h200 --candidate-version 4138cd3-r1-cuda-port,h200_diffusion_cutedsl_norm_tanh_mul_add__multi_shape,drift_vs_locked=1.0234,/home/sglang-omni/bbuf/kda_runs/h200_diffusion_cutedsl_norm_tanh_mul_add__multi_shape/2026-06-04_16-05-34
2026-06-04T09:03:39.760770+00:00,interleaved_ab,production__dual__B1S4128F1D3840__bfloat16__rms__affW__sc11D__shBSD,bfloat16,median_us,190.9486,6126.5716,0.0312,,,,,,,6099.2479,27.3236,,ion8-h200,0,NVIDIA H200,84e1108312,0689ba84b,4138cd3-r1-cuda-port-INVALIDATED,12,100,python benchmark.py --host ion8-h200 --candidate-version 4138cd3-r1-cuda-port,h200_diffusion_cutedsl_norm_tanh_mul_add__multi_shape,alternating AB/BA; gpu_a=174.8160us gpu_b=6099.2479us device_speedup_x=0.0287; symmetric harness path | INVALIDATED: jit-cache bug re-entered load_inline per call (~6ms/call); see solutions.jsonl candidate-v1-cuda-port; NOT citable,/home/sglang-omni/bbuf/kda_runs/h200_diffusion_cutedsl_norm_tanh_mul_add__multi_shape/2026-06-04_16-05-34
2026-06-04T09:03:39.760836+00:00,geomean,all_production_shapes,,geomean_speedup_x,,,0.0154,,,,,,,,,,ion8-h200,0,NVIDIA H200,84e1108312,0689ba84b,4138cd3-r1-cuda-port-INVALIDATED,,,python benchmark.py --host ion8-h200 --candidate-version 4138cd3-r1-cuda-port,h200_diffusion_cutedsl_norm_tanh_mul_add__multi_shape,interleaved_ab_geomean=0.0294 | INVALIDATED: jit-cache bug re-entered load_inline per call (~6ms/call); see solutions.jsonl candidate-v1-cuda-port; NOT citable,/home/sglang-omni/bbuf/kda_runs/h200_diffusion_cutedsl_norm_tanh_mul_add__multi_shape/2026-06-04_16-05-34
2026-06-04T09:04:47.957467+00:00,candidate_vs_locked,production__single__B1S4096F1D3840__bfloat16__rms__affW__sc11D__shBSD,bfloat16,median_us,82.3570,55.5224,1.4833,55.5224,56.6831,4.3599,54.3499,54.7010,58.3059,40.7840,14.7384,2314.3,ion8-h200,0,NVIDIA H200,84e1108312,0689ba84b,r1-cuda-port-v2,25,100,python benchmark.py --host ion8-h200 --candidate-version r1-cuda-port-v2,h200_diffusion_cutedsl_norm_tanh_mul_add__multi_shape,device_speedup_x=1.6179 (locked gpu 65.984us),/home/sglang-omni/bbuf/kda_runs/h200_diffusion_cutedsl_norm_tanh_mul_add__multi_shape/2026-06-04_16-05-34
2026-06-04T09:04:48.453496+00:00,baseline_seq_rerun,production__single__B1S4096F1D3840__bfloat16__rms__affW__sc11D__shBSD,bfloat16,median_us,84.1800,,,84.1800,85.0501,2.6705,82.2020,82.9031,87.9411,69.6640,14.5160,,ion8-h200,0,NVIDIA H200,84e1108312,0689ba84b,baseline(vendored-pin),25,100,python benchmark.py --host ion8-h200 --candidate-version r1-cuda-port-v2,h200_diffusion_cutedsl_norm_tanh_mul_add__multi_shape,drift_vs_locked=1.0221,/home/sglang-omni/bbuf/kda_runs/h200_diffusion_cutedsl_norm_tanh_mul_add__multi_shape/2026-06-04_16-05-34
2026-06-04T09:04:48.473896+00:00,interleaved_ab,production__single__B1S4096F1D3840__bfloat16__rms__affW__sc11D__shBSD,bfloat16,median_us,99.6580,73.9251,1.3481,,,,,,,60.4480,13.4771,,ion8-h200,0,NVIDIA H200,84e1108312,0689ba84b,r1-cuda-port-v2,12,100,python benchmark.py --host ion8-h200 --candidate-version r1-cuda-port-v2,h200_diffusion_cutedsl_norm_tanh_mul_add__multi_shape,alternating AB/BA; gpu_a=86.4160us gpu_b=60.4480us device_speedup_x=1.4296; symmetric harness path,/home/sglang-omni/bbuf/kda_runs/h200_diffusion_cutedsl_norm_tanh_mul_add__multi_shape/2026-06-04_16-05-34
2026-06-04T09:04:48.489293+00:00,candidate_vs_locked,production__dual__B1S4096F1D3840__bfloat16__rms__affW__sc11D__shBSD,bfloat16,median_us,106.8035,73.0881,1.4613,73.0881,73.6860,1.9728,71.6159,72.3272,75.1021,46.9280,26.1601,2682.0,ion8-h200,0,NVIDIA H200,84e1108312,0689ba84b,r1-cuda-port-v2,25,100,python benchmark.py --host ion8-h200 --candidate-version r1-cuda-port-v2,h200_diffusion_cutedsl_norm_tanh_mul_add__multi_shape,device_speedup_x=1.6577 (locked gpu 77.792us),/home/sglang-omni/bbuf/kda_runs/h200_diffusion_cutedsl_norm_tanh_mul_add__multi_shape/2026-06-04_16-05-34
2026-06-04T09:04:49.009799+00:00,baseline_seq_rerun,production__dual__B1S4096F1D3840__bfloat16__rms__affW__sc11D__shBSD,bfloat16,median_us,109.8131,,,109.8131,110.8271,3.3759,107.4101,107.8402,115.6421,80.4160,29.3971,,ion8-h200,0,NVIDIA H200,84e1108312,0689ba84b,baseline(vendored-pin),25,100,python benchmark.py --host ion8-h200 --candidate-version r1-cuda-port-v2,h200_diffusion_cutedsl_norm_tanh_mul_add__multi_shape,drift_vs_locked=1.0282,/home/sglang-omni/bbuf/kda_runs/h200_diffusion_cutedsl_norm_tanh_mul_add__multi_shape/2026-06-04_16-05-34
2026-06-04T09:04:49.040165+00:00,interleaved_ab,production__dual__B1S4096F1D3840__bfloat16__rms__affW__sc11D__shBSD,bfloat16,median_us,125.6865,91.2757,1.3770,,,,,,,77.6480,13.6277,,ion8-h200,0,NVIDIA H200,84e1108312,0689ba84b,r1-cuda-port-v2,12,100,python benchmark.py --host ion8-h200 --candidate-version r1-cuda-port-v2,h200_diffusion_cutedsl_norm_tanh_mul_add__multi_shape,alternating AB/BA; gpu_a=111.7280us gpu_b=77.6480us device_speedup_x=1.4389; symmetric harness path,/home/sglang-omni/bbuf/kda_runs/h200_diffusion_cutedsl_norm_tanh_mul_add__multi_shape/2026-06-04_16-05-34
2026-06-04T09:04:49.060242+00:00,candidate_vs_locked,production__single__B1S4128F1D3840__bfloat16__rms__affW__sc11D__shBSD,bfloat16,median_us,81.3956,55.3021,1.4718,55.3021,55.7667,1.8745,54.1010,54.4011,57.1050,43.1360,12.1661,2205.2,ion8-h200,0,NVIDIA H200,84e1108312,0689ba84b,r1-cuda-port-v2,25,100,python benchmark.py --host ion8-h200 --candidate-version r1-cuda-port-v2,h200_diffusion_cutedsl_norm_tanh_mul_add__multi_shape,device_speedup_x=1.5297 (locked gpu 65.984us),/home/sglang-omni/bbuf/kda_runs/h200_diffusion_cutedsl_norm_tanh_mul_add__multi_shape/2026-06-04_16-05-34
2026-06-04T09:04:49.078641+00:00,baseline_seq_rerun,production__single__B1S4128F1D3840__bfloat16__rms__affW__sc11D__shBSD,bfloat16,median_us,84.5260,,,84.5260,85.5985,3.1849,82.4931,83.0330,89.8030,69.9680,14.5580,,ion8-h200,0,NVIDIA H200,84e1108312,0689ba84b,baseline(vendored-pin),25,100,python benchmark.py --host ion8-h200 --candidate-version r1-cuda-port-v2,h200_diffusion_cutedsl_norm_tanh_mul_add__multi_shape,drift_vs_locked=1.0385,/home/sglang-omni/bbuf/kda_runs/h200_diffusion_cutedsl_norm_tanh_mul_add__multi_shape/2026-06-04_16-05-34
2026-06-04T09:04:49.098746+00:00,interleaved_ab,production__single__B1S4128F1D3840__bfloat16__rms__affW__sc11D__shBSD,bfloat16,median_us,99.6030,73.1735,1.3612,,,,,,,60.0160,13.1576,,ion8-h200,0,NVIDIA H200,84e1108312,0689ba84b,r1-cuda-port-v2,12,100,python benchmark.py --host ion8-h200 --candidate-version r1-cuda-port-v2,h200_diffusion_cutedsl_norm_tanh_mul_add__multi_shape,alternating AB/BA; gpu_a=86.4960us gpu_b=60.0160us device_speedup_x=1.4412; symmetric harness path,/home/sglang-omni/bbuf/kda_runs/h200_diffusion_cutedsl_norm_tanh_mul_add__multi_shape/2026-06-04_16-05-34
2026-06-04T09:04:49.115121+00:00,candidate_vs_locked,production__dual__B1S4128F1D3840__bfloat16__rms__affW__sc11D__shBSD,bfloat16,median_us,107.7240,73.6995,1.4617,73.6995,74.2388,2.0615,72.1971,72.5579,76.2341,47.4560,26.2435,2672.9,ion8-h200,0,NVIDIA H200,84e1108312,0689ba84b,r1-cuda-port-v2,25,100,python benchmark.py --host ion8-h200 --candidate-version r1-cuda-port-v2,h200_diffusion_cutedsl_norm_tanh_mul_add__multi_shape,device_speedup_x=1.6345 (locked gpu 77.568us),/home/sglang-omni/bbuf/kda_runs/h200_diffusion_cutedsl_norm_tanh_mul_add__multi_shape/2026-06-04_16-05-34
2026-06-04T09:04:49.137454+00:00,baseline_seq_rerun,production__dual__B1S4128F1D3840__bfloat16__rms__affW__sc11D__shBSD,bfloat16,median_us,109.9686,,,109.9686,110.7878,2.2601,107.9901,108.7119,113.7790,81.2640,28.7046,,ion8-h200,0,NVIDIA H200,84e1108312,0689ba84b,baseline(vendored-pin),25,100,python benchmark.py --host ion8-h200 --candidate-version r1-cuda-port-v2,h200_diffusion_cutedsl_norm_tanh_mul_add__multi_shape,drift_vs_locked=1.0208,/home/sglang-omni/bbuf/kda_runs/h200_diffusion_cutedsl_norm_tanh_mul_add__multi_shape/2026-06-04_16-05-34
2026-06-04T09:04:49.162400+00:00,interleaved_ab,production__dual__B1S4128F1D3840__bfloat16__rms__affW__sc11D__shBSD,bfloat16,median_us,125.7815,92.3420,1.3621,,,,,,,78.8640,13.4780,,ion8-h200,0,NVIDIA H200,84e1108312,0689ba84b,r1-cuda-port-v2,12,100,python benchmark.py --host ion8-h200 --candidate-version r1-cuda-port-v2,h200_diffusion_cutedsl_norm_tanh_mul_add__multi_shape,alternating AB/BA; gpu_a=111.9040us gpu_b=78.8640us device_speedup_x=1.4189; symmetric harness path,/home/sglang-omni/bbuf/kda_runs/h200_diffusion_cutedsl_norm_tanh_mul_add__multi_shape/2026-06-04_16-05-34
2026-06-04T09:04:49.162459+00:00,geomean,all_production_shapes,,geomean_speedup_x,,,1.4695,,,,,,,,,,ion8-h200,0,NVIDIA H200,84e1108312,0689ba84b,r1-cuda-port-v2,,,python benchmark.py --host ion8-h200 --candidate-version r1-cuda-port-v2,h200_diffusion_cutedsl_norm_tanh_mul_add__multi_shape,interleaved_ab_geomean=1.3621,/home/sglang-omni/bbuf/kda_runs/h200_diffusion_cutedsl_norm_tanh_mul_add__multi_shape/2026-06-04_16-05-34
2026-06-04T09:25:57.240543+00:00,candidate_vs_locked,production__single__B1S4096F1D3840__bfloat16__rms__affW__sc11D__shBSD,bfloat16,median_us,82.3570,60.7505,1.3557,60.7505,61.4216,2.7482,59.1180,59.9190,62.5928,44.3360,16.4145,2128.9,ion8-h200,0,NVIDIA H200,84e1108312,0689ba84b,r2-sweep-v1r1,25,100,python benchmark.py --host ion8-h200 --candidate-version r2-sweep-v1r1,h200_diffusion_cutedsl_norm_tanh_mul_add__multi_shape,device_speedup_x=1.4883 (locked gpu 65.984us),/home/sglang-omni/bbuf/kda_runs/h200_diffusion_cutedsl_norm_tanh_mul_add__multi_shape/2026-06-04_16-05-34
2026-06-04T09:25:57.744702+00:00,baseline_seq_rerun,production__single__B1S4096F1D3840__bfloat16__rms__affW__sc11D__shBSD,bfloat16,median_us,81.3560,,,81.3560,82.6068,3.2642,79.9380,80.5398,86.2079,66.8800,14.4760,,ion8-h200,0,NVIDIA H200,84e1108312,0689ba84b,baseline(vendored-pin),25,100,python benchmark.py --host ion8-h200 --candidate-version r2-sweep-v1r1,h200_diffusion_cutedsl_norm_tanh_mul_add__multi_shape,drift_vs_locked=0.9878,/home/sglang-omni/bbuf/kda_runs/h200_diffusion_cutedsl_norm_tanh_mul_add__multi_shape/2026-06-04_16-05-34
2026-06-04T09:25:57.765484+00:00,interleaved_ab,production__single__B1S4096F1D3840__bfloat16__rms__affW__sc11D__shBSD,bfloat16,median_us,99.4480,79.4835,1.2512,,,,,,,66.4320,13.0515,,ion8-h200,0,NVIDIA H200,84e1108312,0689ba84b,r2-sweep-v1r1,12,100,python benchmark.py --host ion8-h200 --candidate-version r2-sweep-v1r1,h200_diffusion_cutedsl_norm_tanh_mul_add__multi_shape,alternating AB/BA; gpu_a=86.2080us gpu_b=66.4320us device_speedup_x=1.2977; symmetric harness path,/home/sglang-omni/bbuf/kda_runs/h200_diffusion_cutedsl_norm_tanh_mul_add__multi_shape/2026-06-04_16-05-34
2026-06-04T09:25:57.788805+00:00,candidate_vs_locked,production__dual__B1S4096F1D3840__bfloat16__rms__affW__sc11D__shBSD,bfloat16,median_us,106.8035,87.5652,1.2197,87.5652,88.2322,2.4501,86.0970,86.5881,89.8030,56.4800,31.0852,2228.4,ion8-h200,0,NVIDIA H200,84e1108312,0689ba84b,r2-sweep-v1r1,25,100,python benchmark.py --host ion8-h200 --candidate-version r2-sweep-v1r1,h200_diffusion_cutedsl_norm_tanh_mul_add__multi_shape,device_speedup_x=1.3773 (locked gpu 77.792us),/home/sglang-omni/bbuf/kda_runs/h200_diffusion_cutedsl_norm_tanh_mul_add__multi_shape/2026-06-04_16-05-34
2026-06-04T09:25:58.310363+00:00,baseline_seq_rerun,production__dual__B1S4096F1D3840__bfloat16__rms__affW__sc11D__shBSD,bfloat16,median_us,107.5100,,,107.5100,118.4014,77.1537,105.1161,106.0970,114.0889,79.1200,28.3900,,ion8-h200,0,NVIDIA H200,84e1108312,0689ba84b,baseline(vendored-pin),25,100,python benchmark.py --host ion8-h200 --candidate-version r2-sweep-v1r1,h200_diffusion_cutedsl_norm_tanh_mul_add__multi_shape,drift_vs_locked=1.0066,/home/sglang-omni/bbuf/kda_runs/h200_diffusion_cutedsl_norm_tanh_mul_add__multi_shape/2026-06-04_16-05-34
2026-06-04T09:25:58.337572+00:00,interleaved_ab,production__dual__B1S4096F1D3840__bfloat16__rms__affW__sc11D__shBSD,bfloat16,median_us,125.4620,106.9842,1.1727,,,,,,,93.4560,13.5282,,ion8-h200,0,NVIDIA H200,84e1108312,0689ba84b,r2-sweep-v1r1,12,100,python benchmark.py --host ion8-h200 --candidate-version r2-sweep-v1r1,h200_diffusion_cutedsl_norm_tanh_mul_add__multi_shape,alternating AB/BA; gpu_a=111.6160us gpu_b=93.4560us device_speedup_x=1.1943; symmetric harness path,/home/sglang-omni/bbuf/kda_runs/h200_diffusion_cutedsl_norm_tanh_mul_add__multi_shape/2026-06-04_16-05-34
2026-06-04T09:25:58.351007+00:00,candidate_vs_locked,production__single__B1S4128F1D3840__bfloat16__rms__affW__sc11D__shBSD,bfloat16,median_us,81.3956,60.4294,1.3470,60.4294,60.9301,1.8557,59.0379,59.6680,62.1120,42.9120,17.5174,2216.7,ion8-h200,0,NVIDIA H200,84e1108312,0689ba84b,r2-sweep-v1r1,25,100,python benchmark.py --host ion8-h200 --candidate-version r2-sweep-v1r1,h200_diffusion_cutedsl_norm_tanh_mul_add__multi_shape,device_speedup_x=1.5377 (locked gpu 65.984us),/home/sglang-omni/bbuf/kda_runs/h200_diffusion_cutedsl_norm_tanh_mul_add__multi_shape/2026-06-04_16-05-34
2026-06-04T09:25:58.369072+00:00,baseline_seq_rerun,production__single__B1S4128F1D3840__bfloat16__rms__affW__sc11D__shBSD,bfloat16,median_us,82.9031,,,82.9031,83.7713,2.4793,81.1599,81.7319,87.3699,68.8800,14.0231,,ion8-h200,0,NVIDIA H200,84e1108312,0689ba84b,baseline(vendored-pin),25,100,python benchmark.py --host ion8-h200 --candidate-version r2-sweep-v1r1,h200_diffusion_cutedsl_norm_tanh_mul_add__multi_shape,drift_vs_locked=1.0185,/home/sglang-omni/bbuf/kda_runs/h200_diffusion_cutedsl_norm_tanh_mul_add__multi_shape/2026-06-04_16-05-34
2026-06-04T09:25:58.389971+00:00,interleaved_ab,production__single__B1S4128F1D3840__bfloat16__rms__affW__sc11D__shBSD,bfloat16,median_us,100.4440,79.7336,1.2597,,,,,,,66.7520,12.9816,,ion8-h200,0,NVIDIA H200,84e1108312,0689ba84b,r2-sweep-v1r1,12,100,python benchmark.py --host ion8-h200 --candidate-version r2-sweep-v1r1,h200_diffusion_cutedsl_norm_tanh_mul_add__multi_shape,alternating AB/BA; gpu_a=87.2480us gpu_b=66.7520us device_speedup_x=1.3070; symmetric harness path,/home/sglang-omni/bbuf/kda_runs/h200_diffusion_cutedsl_norm_tanh_mul_add__multi_shape/2026-06-04_16-05-34
2026-06-04T09:25:58.407959+00:00,candidate_vs_locked,production__dual__B1S4128F1D3840__bfloat16__rms__affW__sc11D__shBSD,bfloat16,median_us,107.7240,88.7511,1.2138,88.7511,89.3106,2.0859,87.2400,87.7499,90.8251,57.2800,31.4711,2214.4,ion8-h200,0,NVIDIA H200,84e1108312,0689ba84b,r2-sweep-v1r1,25,100,python benchmark.py --host ion8-h200 --candidate-version r2-sweep-v1r1,h200_diffusion_cutedsl_norm_tanh_mul_add__multi_shape,device_speedup_x=1.3542 (locked gpu 77.568us),/home/sglang-omni/bbuf/kda_runs/h200_diffusion_cutedsl_norm_tanh_mul_add__multi_shape/2026-06-04_16-05-34
2026-06-04T09:25:58.430131+00:00,baseline_seq_rerun,production__dual__B1S4128F1D3840__bfloat16__rms__affW__sc11D__shBSD,bfloat16,median_us,109.3779,,,109.3779,110.4800,3.1144,107.2790,107.9300,114.5201,80.0800,29.2979,,ion8-h200,0,NVIDIA H200,84e1108312,0689ba84b,baseline(vendored-pin),25,100,python benchmark.py --host ion8-h200 --candidate-version r2-sweep-v1r1,h200_diffusion_cutedsl_norm_tanh_mul_add__multi_shape,drift_vs_locked=1.0154,/home/sglang-omni/bbuf/kda_runs/h200_diffusion_cutedsl_norm_tanh_mul_add__multi_shape/2026-06-04_16-05-34
2026-06-04T09:25:58.456785+00:00,interleaved_ab,production__dual__B1S4128F1D3840__bfloat16__rms__affW__sc11D__shBSD,bfloat16,median_us,126.1075,109.2075,1.1548,,,,,,,94.7520,14.4555,,ion8-h200,0,NVIDIA H200,84e1108312,0689ba84b,r2-sweep-v1r1,12,100,python benchmark.py --host ion8-h200 --candidate-version r2-sweep-v1r1,h200_diffusion_cutedsl_norm_tanh_mul_add__multi_shape,alternating AB/BA; gpu_a=112.4800us gpu_b=94.7520us device_speedup_x=1.1871; symmetric harness path,/home/sglang-omni/bbuf/kda_runs/h200_diffusion_cutedsl_norm_tanh_mul_add__multi_shape/2026-06-04_16-05-34
2026-06-04T09:25:58.456852+00:00,geomean,all_production_shapes,,geomean_speedup_x,,,1.2823,,,,,,,,,,ion8-h200,0,NVIDIA H200,84e1108312,0689ba84b,r2-sweep-v1r1,,,python benchmark.py --host ion8-h200 --candidate-version r2-sweep-v1r1,h200_diffusion_cutedsl_norm_tanh_mul_add__multi_shape,interleaved_ab_geomean=1.2087,/home/sglang-omni/bbuf/kda_runs/h200_diffusion_cutedsl_norm_tanh_mul_add__multi_shape/2026-06-04_16-05-34
2026-06-04T09:27:19.366944+00:00,candidate_vs_locked,production__single__B1S4096F1D3840__bfloat16__rms__affW__sc11D__shBSD,bfloat16,median_us,82.3570,67.3550,1.2227,67.3550,67.9293,2.3763,65.6468,66.2280,69.6841,43.8400,23.5150,2153.0,ion8-h200,0,NVIDIA H200,84e1108312,0689ba84b,r2-sweep-v1r2,25,100,python benchmark.py --host ion8-h200 --candidate-version r2-sweep-v1r2,h200_diffusion_cutedsl_norm_tanh_mul_add__multi_shape,device_speedup_x=1.5051 (locked gpu 65.984us),/home/sglang-omni/bbuf/kda_runs/h200_diffusion_cutedsl_norm_tanh_mul_add__multi_shape/2026-06-04_16-05-34
2026-06-04T09:27:19.881209+00:00,baseline_seq_rerun,production__single__B1S4096F1D3840__bfloat16__rms__affW__sc11D__shBSD,bfloat16,median_us,82.8729,,,82.8729,83.6222,2.5238,80.7100,81.6220,85.7569,67.4080,15.4649,,ion8-h200,0,NVIDIA H200,84e1108312,0689ba84b,baseline(vendored-pin),25,100,python benchmark.py --host ion8-h200 --candidate-version r2-sweep-v1r2,h200_diffusion_cutedsl_norm_tanh_mul_add__multi_shape,drift_vs_locked=1.0063,/home/sglang-omni/bbuf/kda_runs/h200_diffusion_cutedsl_norm_tanh_mul_add__multi_shape/2026-06-04_16-05-34
2026-06-04T09:27:19.902838+00:00,interleaved_ab,production__single__B1S4096F1D3840__bfloat16__rms__affW__sc11D__shBSD,bfloat16,median_us,100.5895,86.1330,1.1678,,,,,,,72.7360,13.3970,,ion8-h200,0,NVIDIA H200,84e1108312,0689ba84b,r2-sweep-v1r2,12,100,python benchmark.py --host ion8-h200 --candidate-version r2-sweep-v1r2,h200_diffusion_cutedsl_norm_tanh_mul_add__multi_shape,alternating AB/BA; gpu_a=86.8640us gpu_b=72.7360us device_speedup_x=1.1942; symmetric harness path,/home/sglang-omni/bbuf/kda_runs/h200_diffusion_cutedsl_norm_tanh_mul_add__multi_shape/2026-06-04_16-05-34
2026-06-04T09:27:19.943729+00:00,candidate_vs_locked,production__dual__B1S4096F1D3840__bfloat16__rms__affW__sc11D__shBSD,bfloat16,median_us,106.8035,85.9679,1.2424,85.9679,86.6693,2.0227,83.8349,85.1660,88.7720,55.2000,30.7679,2280.1,ion8-h200,0,NVIDIA H200,84e1108312,0689ba84b,r2-sweep-v1r2,25,100,python benchmark.py --host ion8-h200 --candidate-version r2-sweep-v1r2,h200_diffusion_cutedsl_norm_tanh_mul_add__multi_shape,device_speedup_x=1.4093 (locked gpu 77.792us),/home/sglang-omni/bbuf/kda_runs/h200_diffusion_cutedsl_norm_tanh_mul_add__multi_shape/2026-06-04_16-05-34
2026-06-04T09:27:20.467087+00:00,baseline_seq_rerun,production__dual__B1S4096F1D3840__bfloat16__rms__affW__sc11D__shBSD,bfloat16,median_us,108.8360,,,108.8360,109.8297,3.1763,105.9070,107.2788,114.0290,78.3360,30.5000,,ion8-h200,0,NVIDIA H200,84e1108312,0689ba84b,baseline(vendored-pin),25,100,python benchmark.py --host ion8-h200 --candidate-version r2-sweep-v1r2,h200_diffusion_cutedsl_norm_tanh_mul_add__multi_shape,drift_vs_locked=1.0190,/home/sglang-omni/bbuf/kda_runs/h200_diffusion_cutedsl_norm_tanh_mul_add__multi_shape/2026-06-04_16-05-34
2026-06-04T09:27:20.494051+00:00,interleaved_ab,production__dual__B1S4096F1D3840__bfloat16__rms__affW__sc11D__shBSD,bfloat16,median_us,125.7469,105.6620,1.1901,,,,,,,91.4560,14.2060,,ion8-h200,0,NVIDIA H200,84e1108312,0689ba84b,r2-sweep-v1r2,12,100,python benchmark.py --host ion8-h200 --candidate-version r2-sweep-v1r2,h200_diffusion_cutedsl_norm_tanh_mul_add__multi_shape,alternating AB/BA; gpu_a=111.9840us gpu_b=91.4560us device_speedup_x=1.2245; symmetric harness path,/home/sglang-omni/bbuf/kda_runs/h200_diffusion_cutedsl_norm_tanh_mul_add__multi_shape/2026-06-04_16-05-34
2026-06-04T09:27:20.508168+00:00,candidate_vs_locked,production__single__B1S4128F1D3840__bfloat16__rms__affW__sc11D__shBSD,bfloat16,median_us,81.3956,67.5700,1.2046,67.5700,67.9979,1.9033,66.1181,66.4790,69.7130,42.3840,25.1860,2244.3,ion8-h200,0,NVIDIA H200,84e1108312,0689ba84b,r2-sweep-v1r2,25,100,python benchmark.py --host ion8-h200 --candidate-version r2-sweep-v1r2,h200_diffusion_cutedsl_norm_tanh_mul_add__multi_shape,device_speedup_x=1.5568 (locked gpu 65.984us),/home/sglang-omni/bbuf/kda_runs/h200_diffusion_cutedsl_norm_tanh_mul_add__multi_shape/2026-06-04_16-05-34
2026-06-04T09:27:20.526187+00:00,baseline_seq_rerun,production__single__B1S4128F1D3840__bfloat16__rms__affW__sc11D__shBSD,bfloat16,median_us,83.3985,,,83.3985,84.5506,3.1593,81.4712,82.4321,88.9320,68.0640,15.3345,,ion8-h200,0,NVIDIA H200,84e1108312,0689ba84b,baseline(vendored-pin),25,100,python benchmark.py --host ion8-h200 --candidate-version r2-sweep-v1r2,h200_diffusion_cutedsl_norm_tanh_mul_add__multi_shape,drift_vs_locked=1.0246,/home/sglang-omni/bbuf/kda_runs/h200_diffusion_cutedsl_norm_tanh_mul_add__multi_shape/2026-06-04_16-05-34
2026-06-04T09:27:20.547884+00:00,interleaved_ab,production__single__B1S4128F1D3840__bfloat16__rms__affW__sc11D__shBSD,bfloat16,median_us,101.1550,86.9590,1.1632,,,,,,,73.5200,13.4390,,ion8-h200,0,NVIDIA H200,84e1108312,0689ba84b,r2-sweep-v1r2,12,100,python benchmark.py --host ion8-h200 --candidate-version r2-sweep-v1r2,h200_diffusion_cutedsl_norm_tanh_mul_add__multi_shape,alternating AB/BA; gpu_a=87.7280us gpu_b=73.5200us device_speedup_x=1.1933; symmetric harness path,/home/sglang-omni/bbuf/kda_runs/h200_diffusion_cutedsl_norm_tanh_mul_add__multi_shape/2026-06-04_16-05-34
2026-06-04T09:27:20.565421+00:00,candidate_vs_locked,production__dual__B1S4128F1D3840__bfloat16__rms__affW__sc11D__shBSD,bfloat16,median_us,107.7240,85.9631,1.2531,85.9631,86.4678,1.9066,84.2751,85.0370,87.9001,55.5200,30.4431,2284.6,ion8-h200,0,NVIDIA H200,84e1108312,0689ba84b,r2-sweep-v1r2,25,100,python benchmark.py --host ion8-h200 --candidate-version r2-sweep-v1r2,h200_diffusion_cutedsl_norm_tanh_mul_add__multi_shape,device_speedup_x=1.3971 (locked gpu 77.568us),/home/sglang-omni/bbuf/kda_runs/h200_diffusion_cutedsl_norm_tanh_mul_add__multi_shape/2026-06-04_16-05-34
2026-06-04T09:27:20.587602+00:00,baseline_seq_rerun,production__dual__B1S4128F1D3840__bfloat16__rms__affW__sc11D__shBSD,bfloat16,median_us,109.3929,,,109.3929,110.6065,3.3168,106.8390,107.9810,116.5229,80.0640,29.3289,,ion8-h200,0,NVIDIA H200,84e1108312,0689ba84b,baseline(vendored-pin),25,100,python benchmark.py --host ion8-h200 --candidate-version r2-sweep-v1r2,h200_diffusion_cutedsl_norm_tanh_mul_add__multi_shape,drift_vs_locked=1.0155,/home/sglang-omni/bbuf/kda_runs/h200_diffusion_cutedsl_norm_tanh_mul_add__multi_shape/2026-06-04_16-05-34
2026-06-04T09:27:20.614010+00:00,interleaved_ab,production__dual__B1S4128F1D3840__bfloat16__rms__affW__sc11D__shBSD,bfloat16,median_us,126.6480,105.4720,1.2008,,,,,,,91.7280,13.7440,,ion8-h200,0,NVIDIA H200,84e1108312,0689ba84b,r2-sweep-v1r2,12,100,python benchmark.py --host ion8-h200 --candidate-version r2-sweep-v1r2,h200_diffusion_cutedsl_norm_tanh_mul_add__multi_shape,alternating AB/BA; gpu_a=112.6720us gpu_b=91.7280us device_speedup_x=1.2283; symmetric harness path,/home/sglang-omni/bbuf/kda_runs/h200_diffusion_cutedsl_norm_tanh_mul_add__multi_shape/2026-06-04_16-05-34
2026-06-04T09:27:20.614061+00:00,geomean,all_production_shapes,,geomean_speedup_x,,,1.2306,,,,,,,,,,ion8-h200,0,NVIDIA H200,84e1108312,0689ba84b,r2-sweep-v1r2,,,python benchmark.py --host ion8-h200 --candidate-version r2-sweep-v1r2,h200_diffusion_cutedsl_norm_tanh_mul_add__multi_shape,interleaved_ab_geomean=1.1804,/home/sglang-omni/bbuf/kda_runs/h200_diffusion_cutedsl_norm_tanh_mul_add__multi_shape/2026-06-04_16-05-34
2026-06-04T09:28:40.395877+00:00,candidate_vs_locked,production__single__B1S4096F1D3840__bfloat16__rms__affW__sc11D__shBSD,bfloat16,median_us,82.3570,65.2315,1.2625,65.2315,66.2887,3.3374,63.3539,64.0762,68.6320,43.8400,21.3915,2153.0,ion8-h200,0,NVIDIA H200,84e1108312,0689ba84b,r2-sweep-v1r4,25,100,python benchmark.py --host ion8-h200 --candidate-version r2-sweep-v1r4,h200_diffusion_cutedsl_norm_tanh_mul_add__multi_shape,device_speedup_x=1.5051 (locked gpu 65.984us),/home/sglang-omni/bbuf/kda_runs/h200_diffusion_cutedsl_norm_tanh_mul_add__multi_shape/2026-06-04_16-05-34
2026-06-04T09:28:40.926647+00:00,baseline_seq_rerun,production__single__B1S4096F1D3840__bfloat16__rms__affW__sc11D__shBSD,bfloat16,median_us,81.7915,,,81.7915,82.4125,2.2280,79.5382,80.3699,85.0658,67.6800,14.1115,,ion8-h200,0,NVIDIA H200,84e1108312,0689ba84b,baseline(vendored-pin),25,100,python benchmark.py --host ion8-h200 --candidate-version r2-sweep-v1r4,h200_diffusion_cutedsl_norm_tanh_mul_add__multi_shape,drift_vs_locked=0.9931,/home/sglang-omni/bbuf/kda_runs/h200_diffusion_cutedsl_norm_tanh_mul_add__multi_shape/2026-06-04_16-05-34
2026-06-04T09:28:40.947873+00:00,interleaved_ab,production__single__B1S4096F1D3840__bfloat16__rms__affW__sc11D__shBSD,bfloat16,median_us,99.8130,84.0749,1.1872,,,,,,,70.6400,13.4349,,ion8-h200,0,NVIDIA H200,84e1108312,0689ba84b,r2-sweep-v1r4,12,100,python benchmark.py --host ion8-h200 --candidate-version r2-sweep-v1r4,h200_diffusion_cutedsl_norm_tanh_mul_add__multi_shape,alternating AB/BA; gpu_a=86.5600us gpu_b=70.6400us device_speedup_x=1.2254; symmetric harness path,/home/sglang-omni/bbuf/kda_runs/h200_diffusion_cutedsl_norm_tanh_mul_add__multi_shape/2026-06-04_16-05-34
2026-06-04T09:28:40.974195+00:00,candidate_vs_locked,production__dual__B1S4096F1D3840__bfloat16__rms__affW__sc11D__shBSD,bfloat16,median_us,106.8035,112.4521,0.9498,112.4521,113.1722,2.4401,110.5850,111.2658,115.4309,81.8560,30.5961,1537.6,ion8-h200,0,NVIDIA H200,84e1108312,0689ba84b,r2-sweep-v1r4,25,100,python benchmark.py --host ion8-h200 --candidate-version r2-sweep-v1r4,h200_diffusion_cutedsl_norm_tanh_mul_add__multi_shape,device_speedup_x=0.9504 (locked gpu 77.792us),/home/sglang-omni/bbuf/kda_runs/h200_diffusion_cutedsl_norm_tanh_mul_add__multi_shape/2026-06-04_16-05-34
2026-06-04T09:28:41.496351+00:00,baseline_seq_rerun,production__dual__B1S4096F1D3840__bfloat16__rms__affW__sc11D__shBSD,bfloat16,median_us,107.4150,,,107.4150,108.3915,3.0330,103.8341,105.6769,113.0379,78.0000,29.4150,,ion8-h200,0,NVIDIA H200,84e1108312,0689ba84b,baseline(vendored-pin),25,100,python benchmark.py --host ion8-h200 --candidate-version r2-sweep-v1r4,h200_diffusion_cutedsl_norm_tanh_mul_add__multi_shape,drift_vs_locked=1.0057,/home/sglang-omni/bbuf/kda_runs/h200_diffusion_cutedsl_norm_tanh_mul_add__multi_shape/2026-06-04_16-05-34
2026-06-04T09:28:41.525960+00:00,interleaved_ab,production__dual__B1S4096F1D3840__bfloat16__rms__affW__sc11D__shBSD,bfloat16,median_us,125.1959,132.5165,0.9448,,,,,,,118.7040,13.8125,,ion8-h200,0,NVIDIA H200,84e1108312,0689ba84b,r2-sweep-v1r4,12,100,python benchmark.py --host ion8-h200 --candidate-version r2-sweep-v1r4,h200_diffusion_cutedsl_norm_tanh_mul_add__multi_shape,alternating AB/BA; gpu_a=111.2480us gpu_b=118.7040us device_speedup_x=0.9372; symmetric harness path,/home/sglang-omni/bbuf/kda_runs/h200_diffusion_cutedsl_norm_tanh_mul_add__multi_shape/2026-06-04_16-05-34
2026-06-04T09:28:41.539734+00:00,candidate_vs_locked,production__single__B1S4128F1D3840__bfloat16__rms__affW__sc11D__shBSD,bfloat16,median_us,81.3956,65.2416,1.2476,65.2416,65.7331,1.7493,64.0352,64.5160,67.1002,41.3760,23.8656,2299.0,ion8-h200,0,NVIDIA H200,84e1108312,0689ba84b,r2-sweep-v1r4,25,100,python benchmark.py --host ion8-h200 --candidate-version r2-sweep-v1r4,h200_diffusion_cutedsl_norm_tanh_mul_add__multi_shape,device_speedup_x=1.5947 (locked gpu 65.984us),/home/sglang-omni/bbuf/kda_runs/h200_diffusion_cutedsl_norm_tanh_mul_add__multi_shape/2026-06-04_16-05-34
2026-06-04T09:28:41.557641+00:00,baseline_seq_rerun,production__single__B1S4128F1D3840__bfloat16__rms__affW__sc11D__shBSD,bfloat16,median_us,82.6030,,,82.6030,83.8442,3.0915,81.1000,81.5112,87.7201,67.8240,14.7790,,ion8-h200,0,NVIDIA H200,84e1108312,0689ba84b,baseline(vendored-pin),25,100,python benchmark.py --host ion8-h200 --candidate-version r2-sweep-v1r4,h200_diffusion_cutedsl_norm_tanh_mul_add__multi_shape,drift_vs_locked=1.0148,/home/sglang-omni/bbuf/kda_runs/h200_diffusion_cutedsl_norm_tanh_mul_add__multi_shape/2026-06-04_16-05-34
2026-06-04T09:28:41.578816+00:00,interleaved_ab,production__single__B1S4128F1D3840__bfloat16__rms__affW__sc11D__shBSD,bfloat16,median_us,99.7685,84.4359,1.1816,,,,,,,71.2800,13.1559,,ion8-h200,0,NVIDIA H200,84e1108312,0689ba84b,r2-sweep-v1r4,12,100,python benchmark.py --host ion8-h200 --candidate-version r2-sweep-v1r4,h200_diffusion_cutedsl_norm_tanh_mul_add__multi_shape,alternating AB/BA; gpu_a=86.4960us gpu_b=71.2800us device_speedup_x=1.2135; symmetric harness path,/home/sglang-omni/bbuf/kda_runs/h200_diffusion_cutedsl_norm_tanh_mul_add__multi_shape/2026-06-04_16-05-34
2026-06-04T09:28:41.602429+00:00,candidate_vs_locked,production__dual__B1S4128F1D3840__bfloat16__rms__affW__sc11D__shBSD,bfloat16,median_us,107.7240,113.3184,0.9506,113.3184,114.0368,2.4330,111.7361,112.4870,116.1830,82.1440,31.1744,1544.2,ion8-h200,0,NVIDIA H200,84e1108312,0689ba84b,r2-sweep-v1r4,25,100,python benchmark.py --host ion8-h200 --candidate-version r2-sweep-v1r4,h200_diffusion_cutedsl_norm_tanh_mul_add__multi_shape,device_speedup_x=0.9443 (locked gpu 77.568us),/home/sglang-omni/bbuf/kda_runs/h200_diffusion_cutedsl_norm_tanh_mul_add__multi_shape/2026-06-04_16-05-34
2026-06-04T09:28:41.624512+00:00,baseline_seq_rerun,production__dual__B1S4128F1D3840__bfloat16__rms__affW__sc11D__shBSD,bfloat16,median_us,109.3774,,,109.3774,110.2787,3.1183,106.4180,107.5801,113.9590,79.3920,29.9854,,ion8-h200,0,NVIDIA H200,84e1108312,0689ba84b,baseline(vendored-pin),25,100,python benchmark.py --host ion8-h200 --candidate-version r2-sweep-v1r4,h200_diffusion_cutedsl_norm_tanh_mul_add__multi_shape,drift_vs_locked=1.0153,/home/sglang-omni/bbuf/kda_runs/h200_diffusion_cutedsl_norm_tanh_mul_add__multi_shape/2026-06-04_16-05-34
2026-06-04T09:28:41.653851+00:00,interleaved_ab,production__dual__B1S4128F1D3840__bfloat16__rms__affW__sc11D__shBSD,bfloat16,median_us,126.7830,133.8035,0.9475,,,,,,,120.0640,13.7395,,ion8-h200,0,NVIDIA H200,84e1108312,0689ba84b,r2-sweep-v1r4,12,100,python benchmark.py --host ion8-h200 --candidate-version r2-sweep-v1r4,h200_diffusion_cutedsl_norm_tanh_mul_add__multi_shape,alternating AB/BA; gpu_a=112.9920us gpu_b=120.0640us device_speedup_x=0.9411; symmetric harness path,/home/sglang-omni/bbuf/kda_runs/h200_diffusion_cutedsl_norm_tanh_mul_add__multi_shape/2026-06-04_16-05-34
2026-06-04T09:28:41.653914+00:00,geomean,all_production_shapes,,geomean_speedup_x,,,1.0920,,,,,,,,,,ion8-h200,0,NVIDIA H200,84e1108312,0689ba84b,r2-sweep-v1r4,,,python benchmark.py --host ion8-h200 --candidate-version r2-sweep-v1r4,h200_diffusion_cutedsl_norm_tanh_mul_add__multi_shape,interleaved_ab_geomean=1.0586,/home/sglang-omni/bbuf/kda_runs/h200_diffusion_cutedsl_norm_tanh_mul_add__multi_shape/2026-06-04_16-05-34
2026-06-04T09:29:48.162882+00:00,candidate_vs_locked,production__single__B1S4096F1D3840__bfloat16__rms__affW__sc11D__shBSD,bfloat16,median_us,82.3570,65.3421,1.2604,65.3421,65.9679,2.2463,63.5940,64.2559,68.0708,44.4320,20.9101,2124.3,ion8-h200,0,NVIDIA H200,84e1108312,0689ba84b,r2-sweep-v3r1,25,100,python benchmark.py --host ion8-h200 --candidate-version r2-sweep-v3r1,h200_diffusion_cutedsl_norm_tanh_mul_add__multi_shape,device_speedup_x=1.4851 (locked gpu 65.984us),/home/sglang-omni/bbuf/kda_runs/h200_diffusion_cutedsl_norm_tanh_mul_add__multi_shape/2026-06-04_16-05-34
2026-06-04T09:29:48.667689+00:00,baseline_seq_rerun,production__single__B1S4096F1D3840__bfloat16__rms__affW__sc11D__shBSD,bfloat16,median_us,83.2190,,,83.2190,84.5806,3.9941,80.9100,82.0020,89.2719,67.5200,15.6990,,ion8-h200,0,NVIDIA H200,84e1108312,0689ba84b,baseline(vendored-pin),25,100,python benchmark.py --host ion8-h200 --candidate-version r2-sweep-v3r1,h200_diffusion_cutedsl_norm_tanh_mul_add__multi_shape,drift_vs_locked=1.0105,/home/sglang-omni/bbuf/kda_runs/h200_diffusion_cutedsl_norm_tanh_mul_add__multi_shape/2026-06-04_16-05-34
2026-06-04T09:29:48.688935+00:00,interleaved_ab,production__single__B1S4096F1D3840__bfloat16__rms__affW__sc11D__shBSD,bfloat16,median_us,99.7585,83.3289,1.1972,,,,,,,70.3840,12.9449,,ion8-h200,0,NVIDIA H200,84e1108312,0689ba84b,r2-sweep-v3r1,12,100,python benchmark.py --host ion8-h200 --candidate-version r2-sweep-v3r1,h200_diffusion_cutedsl_norm_tanh_mul_add__multi_shape,alternating AB/BA; gpu_a=86.5600us gpu_b=70.3840us device_speedup_x=1.2298; symmetric harness path,/home/sglang-omni/bbuf/kda_runs/h200_diffusion_cutedsl_norm_tanh_mul_add__multi_shape/2026-06-04_16-05-34
2026-06-04T09:29:48.717629+00:00,candidate_vs_locked,production__dual__B1S4096F1D3840__bfloat16__rms__affW__sc11D__shBSD,bfloat16,median_us,106.8035,103.9740,1.0272,103.9740,104.6637,2.4798,101.5309,102.9430,106.8581,72.7680,31.2060,1729.6,ion8-h200,0,NVIDIA H200,84e1108312,0689ba84b,r2-sweep-v3r1,25,100,python benchmark.py --host ion8-h200 --candidate-version r2-sweep-v3r1,h200_diffusion_cutedsl_norm_tanh_mul_add__multi_shape,device_speedup_x=1.0690 (locked gpu 77.792us),/home/sglang-omni/bbuf/kda_runs/h200_diffusion_cutedsl_norm_tanh_mul_add__multi_shape/2026-06-04_16-05-34
2026-06-04T09:29:49.238469+00:00,baseline_seq_rerun,production__dual__B1S4096F1D3840__bfloat16__rms__affW__sc11D__shBSD,bfloat16,median_us,109.7331,,,109.7331,111.3777,3.9434,107.4290,108.5321,116.0218,79.6800,30.0531,,ion8-h200,0,NVIDIA H200,84e1108312,0689ba84b,baseline(vendored-pin),25,100,python benchmark.py --host ion8-h200 --candidate-version r2-sweep-v3r1,h200_diffusion_cutedsl_norm_tanh_mul_add__multi_shape,drift_vs_locked=1.0274,/home/sglang-omni/bbuf/kda_runs/h200_diffusion_cutedsl_norm_tanh_mul_add__multi_shape/2026-06-04_16-05-34
2026-06-04T09:29:49.267269+00:00,interleaved_ab,production__dual__B1S4096F1D3840__bfloat16__rms__affW__sc11D__shBSD,bfloat16,median_us,125.9519,123.9090,1.0165,,,,,,,110.0960,13.8130,,ion8-h200,0,NVIDIA H200,84e1108312,0689ba84b,r2-sweep-v3r1,12,100,python benchmark.py --host ion8-h200 --candidate-version r2-sweep-v3r1,h200_diffusion_cutedsl_norm_tanh_mul_add__multi_shape,alternating AB/BA; gpu_a=112.0320us gpu_b=110.0960us device_speedup_x=1.0176; symmetric harness path,/home/sglang-omni/bbuf/kda_runs/h200_diffusion_cutedsl_norm_tanh_mul_add__multi_shape/2026-06-04_16-05-34
2026-06-04T09:29:49.281326+00:00,candidate_vs_locked,production__single__B1S4128F1D3840__bfloat16__rms__affW__sc11D__shBSD,bfloat16,median_us,81.3956,65.6025,1.2407,65.6025,66.4236,2.5622,64.2550,64.9071,67.8911,43.7920,21.8105,2172.2,ion8-h200,0,NVIDIA H200,84e1108312,0689ba84b,r2-sweep-v3r1,25,100,python benchmark.py --host ion8-h200 --candidate-version r2-sweep-v3r1,h200_diffusion_cutedsl_norm_tanh_mul_add__multi_shape,device_speedup_x=1.5068 (locked gpu 65.984us),/home/sglang-omni/bbuf/kda_runs/h200_diffusion_cutedsl_norm_tanh_mul_add__multi_shape/2026-06-04_16-05-34
2026-06-04T09:29:49.299551+00:00,baseline_seq_rerun,production__single__B1S4128F1D3840__bfloat16__rms__affW__sc11D__shBSD,bfloat16,median_us,83.9746,,,83.9746,85.0259,2.9210,81.7308,82.6928,89.5830,69.2800,14.6946,,ion8-h200,0,NVIDIA H200,84e1108312,0689ba84b,baseline(vendored-pin),25,100,python benchmark.py --host ion8-h200 --candidate-version r2-sweep-v3r1,h200_diffusion_cutedsl_norm_tanh_mul_add__multi_shape,drift_vs_locked=1.0317,/home/sglang-omni/bbuf/kda_runs/h200_diffusion_cutedsl_norm_tanh_mul_add__multi_shape/2026-06-04_16-05-34
2026-06-04T09:29:49.320720+00:00,interleaved_ab,production__single__B1S4128F1D3840__bfloat16__rms__affW__sc11D__shBSD,bfloat16,median_us,99.9735,83.3285,1.1998,,,,,,,70.3840,12.9445,,ion8-h200,0,NVIDIA H200,84e1108312,0689ba84b,r2-sweep-v3r1,12,100,python benchmark.py --host ion8-h200 --candidate-version r2-sweep-v3r1,h200_diffusion_cutedsl_norm_tanh_mul_add__multi_shape,alternating AB/BA; gpu_a=86.7200us gpu_b=70.3840us device_speedup_x=1.2321; symmetric harness path,/home/sglang-omni/bbuf/kda_runs/h200_diffusion_cutedsl_norm_tanh_mul_add__multi_shape/2026-06-04_16-05-34
2026-06-04T09:29:49.342468+00:00,candidate_vs_locked,production__dual__B1S4128F1D3840__bfloat16__rms__affW__sc11D__shBSD,bfloat16,median_us,107.7240,104.8810,1.0271,104.8810,106.7363,12.9526,103.2031,103.8641,107.4891,73.2000,31.6810,1732.8,ion8-h200,0,NVIDIA H200,84e1108312,0689ba84b,r2-sweep-v3r1,25,100,python benchmark.py --host ion8-h200 --candidate-version r2-sweep-v3r1,h200_diffusion_cutedsl_norm_tanh_mul_add__multi_shape,device_speedup_x=1.0597 (locked gpu 77.568us),/home/sglang-omni/bbuf/kda_runs/h200_diffusion_cutedsl_norm_tanh_mul_add__multi_shape/2026-06-04_16-05-34
2026-06-04T09:29:49.364817+00:00,baseline_seq_rerun,production__dual__B1S4128F1D3840__bfloat16__rms__affW__sc11D__shBSD,bfloat16,median_us,110.0486,,,110.0486,111.2590,3.3393,107.4700,108.6518,115.7620,80.9920,29.0566,,ion8-h200,0,NVIDIA H200,84e1108312,0689ba84b,baseline(vendored-pin),25,100,python benchmark.py --host ion8-h200 --candidate-version r2-sweep-v3r1,h200_diffusion_cutedsl_norm_tanh_mul_add__multi_shape,drift_vs_locked=1.0216,/home/sglang-omni/bbuf/kda_runs/h200_diffusion_cutedsl_norm_tanh_mul_add__multi_shape/2026-06-04_16-05-34
2026-06-04T09:29:49.393238+00:00,interleaved_ab,production__dual__B1S4128F1D3840__bfloat16__rms__affW__sc11D__shBSD,bfloat16,median_us,127.7400,124.8560,1.0231,,,,,,,110.8480,14.0080,,ion8-h200,0,NVIDIA H200,84e1108312,0689ba84b,r2-sweep-v3r1,12,100,python benchmark.py --host ion8-h200 --candidate-version r2-sweep-v3r1,h200_diffusion_cutedsl_norm_tanh_mul_add__multi_shape,alternating AB/BA; gpu_a=113.8080us gpu_b=110.8480us device_speedup_x=1.0267; symmetric harness path,/home/sglang-omni/bbuf/kda_runs/h200_diffusion_cutedsl_norm_tanh_mul_add__multi_shape/2026-06-04_16-05-34
2026-06-04T09:29:49.393295+00:00,geomean,all_production_shapes,,geomean_speedup_x,,,1.1334,,,,,,,,,,ion8-h200,0,NVIDIA H200,84e1108312,0689ba84b,r2-sweep-v3r1,,,python benchmark.py --host ion8-h200 --candidate-version r2-sweep-v3r1,h200_diffusion_cutedsl_norm_tanh_mul_add__multi_shape,interleaved_ab_geomean=1.1055,/home/sglang-omni/bbuf/kda_runs/h200_diffusion_cutedsl_norm_tanh_mul_add__multi_shape/2026-06-04_16-05-34
2026-06-04T09:31:08.501639+00:00,candidate_vs_locked,production__single__B1S4096F1D3840__bfloat16__rms__affW__sc11D__shBSD,bfloat16,median_us,82.3570,74.2000,1.1099,74.2000,74.8450,2.8206,72.7079,73.2990,76.7938,48.1280,26.0720,1961.2,ion8-h200,0,NVIDIA H200,84e1108312,0689ba84b,r2-sweep-v5r1,25,100,python benchmark.py --host ion8-h200 --candidate-version r2-sweep-v5r1,h200_diffusion_cutedsl_norm_tanh_mul_add__multi_shape,device_speedup_x=1.3710 (locked gpu 65.984us),/home/sglang-omni/bbuf/kda_runs/h200_diffusion_cutedsl_norm_tanh_mul_add__multi_shape/2026-06-04_16-05-34
2026-06-04T09:31:09.033266+00:00,baseline_seq_rerun,production__single__B1S4096F1D3840__bfloat16__rms__affW__sc11D__shBSD,bfloat16,median_us,81.8715,,,81.8715,82.5448,2.9090,79.6590,80.4001,85.1969,66.4800,15.3915,,ion8-h200,0,NVIDIA H200,84e1108312,0689ba84b,baseline(vendored-pin),25,100,python benchmark.py --host ion8-h200 --candidate-version r2-sweep-v5r1,h200_diffusion_cutedsl_norm_tanh_mul_add__multi_shape,drift_vs_locked=0.9941,/home/sglang-omni/bbuf/kda_runs/h200_diffusion_cutedsl_norm_tanh_mul_add__multi_shape/2026-06-04_16-05-34
2026-06-04T09:31:09.055538+00:00,interleaved_ab,production__single__B1S4096F1D3840__bfloat16__rms__affW__sc11D__shBSD,bfloat16,median_us,100.6800,92.9779,1.0828,,,,,,,79.4560,13.5219,,ion8-h200,0,NVIDIA H200,84e1108312,0689ba84b,r2-sweep-v5r1,12,100,python benchmark.py --host ion8-h200 --candidate-version r2-sweep-v5r1,h200_diffusion_cutedsl_norm_tanh_mul_add__multi_shape,alternating AB/BA; gpu_a=87.0880us gpu_b=79.4560us device_speedup_x=1.0961; symmetric harness path,/home/sglang-omni/bbuf/kda_runs/h200_diffusion_cutedsl_norm_tanh_mul_add__multi_shape/2026-06-04_16-05-34
2026-06-04T09:31:09.087876+00:00,candidate_vs_locked,production__dual__B1S4096F1D3840__bfloat16__rms__affW__sc11D__shBSD,bfloat16,median_us,106.8035,121.7605,0.8772,121.7605,122.7020,2.8547,120.0791,121.0789,125.7658,90.3200,31.4405,1393.5,ion8-h200,0,NVIDIA H200,84e1108312,0689ba84b,r2-sweep-v5r1,25,100,python benchmark.py --host ion8-h200 --candidate-version r2-sweep-v5r1,h200_diffusion_cutedsl_norm_tanh_mul_add__multi_shape,device_speedup_x=0.8613 (locked gpu 77.792us),/home/sglang-omni/bbuf/kda_runs/h200_diffusion_cutedsl_norm_tanh_mul_add__multi_shape/2026-06-04_16-05-34
2026-06-04T09:31:09.609950+00:00,baseline_seq_rerun,production__dual__B1S4096F1D3840__bfloat16__rms__affW__sc11D__shBSD,bfloat16,median_us,108.2859,,,108.2859,109.4671,3.2574,105.4171,106.6381,113.8791,78.0800,30.2059,,ion8-h200,0,NVIDIA H200,84e1108312,0689ba84b,baseline(vendored-pin),25,100,python benchmark.py --host ion8-h200 --candidate-version r2-sweep-v5r1,h200_diffusion_cutedsl_norm_tanh_mul_add__multi_shape,drift_vs_locked=1.0139,/home/sglang-omni/bbuf/kda_runs/h200_diffusion_cutedsl_norm_tanh_mul_add__multi_shape/2026-06-04_16-05-34
2026-06-04T09:31:09.640808+00:00,interleaved_ab,production__dual__B1S4096F1D3840__bfloat16__rms__affW__sc11D__shBSD,bfloat16,median_us,126.0425,142.1260,0.8868,,,,,,,128.2720,13.8540,,ion8-h200,0,NVIDIA H200,84e1108312,0689ba84b,r2-sweep-v5r1,12,100,python benchmark.py --host ion8-h200 --candidate-version r2-sweep-v5r1,h200_diffusion_cutedsl_norm_tanh_mul_add__multi_shape,alternating AB/BA; gpu_a=112.2560us gpu_b=128.2720us device_speedup_x=0.8751; symmetric harness path,/home/sglang-omni/bbuf/kda_runs/h200_diffusion_cutedsl_norm_tanh_mul_add__multi_shape/2026-06-04_16-05-34
2026-06-04T09:31:09.656324+00:00,candidate_vs_locked,production__single__B1S4128F1D3840__bfloat16__rms__affW__sc11D__shBSD,bfloat16,median_us,81.3956,74.5610,1.0917,74.5610,74.9028,1.6857,72.4981,73.5589,76.0730,48.3680,26.1930,1966.7,ion8-h200,0,NVIDIA H200,84e1108312,0689ba84b,r2-sweep-v5r1,25,100,python benchmark.py --host ion8-h200 --candidate-version r2-sweep-v5r1,h200_diffusion_cutedsl_norm_tanh_mul_add__multi_shape,device_speedup_x=1.3642 (locked gpu 65.984us),/home/sglang-omni/bbuf/kda_runs/h200_diffusion_cutedsl_norm_tanh_mul_add__multi_shape/2026-06-04_16-05-34
2026-06-04T09:31:09.674308+00:00,baseline_seq_rerun,production__single__B1S4128F1D3840__bfloat16__rms__affW__sc11D__shBSD,bfloat16,median_us,82.7129,,,82.7129,83.6335,2.8895,80.7999,81.4709,87.0598,68.4160,14.2969,,ion8-h200,0,NVIDIA H200,84e1108312,0689ba84b,baseline(vendored-pin),25,100,python benchmark.py --host ion8-h200 --candidate-version r2-sweep-v5r1,h200_diffusion_cutedsl_norm_tanh_mul_add__multi_shape,drift_vs_locked=1.0162,/home/sglang-omni/bbuf/kda_runs/h200_diffusion_cutedsl_norm_tanh_mul_add__multi_shape/2026-06-04_16-05-34
2026-06-04T09:31:09.696702+00:00,interleaved_ab,production__single__B1S4128F1D3840__bfloat16__rms__affW__sc11D__shBSD,bfloat16,median_us,101.2810,93.8040,1.0797,,,,,,,80.3520,13.4520,,ion8-h200,0,NVIDIA H200,84e1108312,0689ba84b,r2-sweep-v5r1,12,100,python benchmark.py --host ion8-h200 --candidate-version r2-sweep-v5r1,h200_diffusion_cutedsl_norm_tanh_mul_add__multi_shape,alternating AB/BA; gpu_a=87.5840us gpu_b=80.3520us device_speedup_x=1.0900; symmetric harness path,/home/sglang-omni/bbuf/kda_runs/h200_diffusion_cutedsl_norm_tanh_mul_add__multi_shape/2026-06-04_16-05-34
2026-06-04T09:31:09.722262+00:00,candidate_vs_locked,production__dual__B1S4128F1D3840__bfloat16__rms__affW__sc11D__shBSD,bfloat16,median_us,107.7240,122.2115,0.8815,122.2115,122.8471,2.2973,120.2489,121.3010,125.2161,90.8160,31.3955,1396.7,ion8-h200,0,NVIDIA H200,84e1108312,0689ba84b,r2-sweep-v5r1,25,100,python benchmark.py --host ion8-h200 --candidate-version r2-sweep-v5r1,h200_diffusion_cutedsl_norm_tanh_mul_add__multi_shape,device_speedup_x=0.8541 (locked gpu 77.568us),/home/sglang-omni/bbuf/kda_runs/h200_diffusion_cutedsl_norm_tanh_mul_add__multi_shape/2026-06-04_16-05-34
2026-06-04T09:31:09.744260+00:00,baseline_seq_rerun,production__dual__B1S4128F1D3840__bfloat16__rms__affW__sc11D__shBSD,bfloat16,median_us,109.0370,,,109.0370,109.8828,2.8881,106.0779,107.3601,114.0302,78.9440,30.0930,,ion8-h200,0,NVIDIA H200,84e1108312,0689ba84b,baseline(vendored-pin),25,100,python benchmark.py --host ion8-h200 --candidate-version r2-sweep-v5r1,h200_diffusion_cutedsl_norm_tanh_mul_add__multi_shape,drift_vs_locked=1.0122,/home/sglang-omni/bbuf/kda_runs/h200_diffusion_cutedsl_norm_tanh_mul_add__multi_shape/2026-06-04_16-05-34
2026-06-04T09:31:09.774570+00:00,interleaved_ab,production__dual__B1S4128F1D3840__bfloat16__rms__affW__sc11D__shBSD,bfloat16,median_us,126.7934,142.7321,0.8883,,,,,,,128.7040,14.0281,,ion8-h200,0,NVIDIA H200,84e1108312,0689ba84b,r2-sweep-v5r1,12,100,python benchmark.py --host ion8-h200 --candidate-version r2-sweep-v5r1,h200_diffusion_cutedsl_norm_tanh_mul_add__multi_shape,alternating AB/BA; gpu_a=112.7360us gpu_b=128.7040us device_speedup_x=0.8759; symmetric harness path,/home/sglang-omni/bbuf/kda_runs/h200_diffusion_cutedsl_norm_tanh_mul_add__multi_shape/2026-06-04_16-05-34
2026-06-04T09:31:09.774622+00:00,geomean,all_production_shapes,,geomean_speedup_x,,,0.9838,,,,,,,,,,ion8-h200,0,NVIDIA H200,84e1108312,0689ba84b,r2-sweep-v5r1,,,python benchmark.py --host ion8-h200 --candidate-version r2-sweep-v5r1,h200_diffusion_cutedsl_norm_tanh_mul_add__multi_shape,interleaved_ab_geomean=0.9797,/home/sglang-omni/bbuf/kda_runs/h200_diffusion_cutedsl_norm_tanh_mul_add__multi_shape/2026-06-04_16-05-34
2026-06-04T09:34:39.542567+00:00,candidate_vs_locked,production__single__B1S4096F1D3840__bfloat16__rms__affW__sc11D__shBSD,bfloat16,median_us,82.3570,55.9179,1.4728,55.9179,56.5850,2.7225,54.1811,54.8111,58.6670,41.2640,14.6539,2287.4,ion8-h200,0,NVIDIA H200,84e1108312,0689ba84b,r2-anchor-gated,25,100,python benchmark.py --host ion8-h200 --candidate-version r2-anchor-gated,h200_diffusion_cutedsl_norm_tanh_mul_add__multi_shape,device_speedup_x=1.5991 (locked gpu 65.984us),/home/sglang-omni/bbuf/kda_runs/h200_diffusion_cutedsl_norm_tanh_mul_add__multi_shape/2026-06-04_16-05-34
2026-06-04T09:34:40.063861+00:00,baseline_seq_rerun,production__single__B1S4096F1D3840__bfloat16__rms__affW__sc11D__shBSD,bfloat16,median_us,82.2721,,,82.2721,83.3142,3.1004,80.1790,80.8600,86.5981,67.8240,14.4481,,ion8-h200,0,NVIDIA H200,84e1108312,0689ba84b,baseline(vendored-pin),25,100,python benchmark.py --host ion8-h200 --candidate-version r2-anchor-gated,h200_diffusion_cutedsl_norm_tanh_mul_add__multi_shape,drift_vs_locked=0.9990,/home/sglang-omni/bbuf/kda_runs/h200_diffusion_cutedsl_norm_tanh_mul_add__multi_shape/2026-06-04_16-05-34
2026-06-04T09:34:40.084197+00:00,interleaved_ab,production__single__B1S4096F1D3840__bfloat16__rms__affW__sc11D__shBSD,bfloat16,median_us,99.1371,75.1866,1.3185,,,,,,,62.1440,13.0426,,ion8-h200,0,NVIDIA H200,84e1108312,0689ba84b,r2-anchor-gated,12,100,python benchmark.py --host ion8-h200 --candidate-version r2-anchor-gated,h200_diffusion_cutedsl_norm_tanh_mul_add__multi_shape,alternating AB/BA; gpu_a=86.1600us gpu_b=62.1440us device_speedup_x=1.3865; symmetric harness path,/home/sglang-omni/bbuf/kda_runs/h200_diffusion_cutedsl_norm_tanh_mul_add__multi_shape/2026-06-04_16-05-34
2026-06-04T09:34:40.111831+00:00,candidate_vs_locked,production__dual__B1S4096F1D3840__bfloat16__rms__affW__sc11D__shBSD,bfloat16,median_us,106.8035,74.1853,1.4397,74.1853,74.9924,2.2539,72.6681,73.2290,77.2851,46.3360,27.8493,2716.2,ion8-h200,0,NVIDIA H200,84e1108312,0689ba84b,r2-anchor-gated,25,100,python benchmark.py --host ion8-h200 --candidate-version r2-anchor-gated,h200_diffusion_cutedsl_norm_tanh_mul_add__multi_shape,device_speedup_x=1.6789 (locked gpu 77.792us),/home/sglang-omni/bbuf/kda_runs/h200_diffusion_cutedsl_norm_tanh_mul_add__multi_shape/2026-06-04_16-05-34
2026-06-04T09:34:40.634789+00:00,baseline_seq_rerun,production__dual__B1S4096F1D3840__bfloat16__rms__affW__sc11D__shBSD,bfloat16,median_us,108.0349,,,108.0349,109.1032,3.5494,104.8550,106.0180,114.5701,78.0480,29.9869,,ion8-h200,0,NVIDIA H200,84e1108312,0689ba84b,baseline(vendored-pin),25,100,python benchmark.py --host ion8-h200 --candidate-version r2-anchor-gated,h200_diffusion_cutedsl_norm_tanh_mul_add__multi_shape,drift_vs_locked=1.0115,/home/sglang-omni/bbuf/kda_runs/h200_diffusion_cutedsl_norm_tanh_mul_add__multi_shape/2026-06-04_16-05-34
2026-06-04T09:34:40.660446+00:00,interleaved_ab,production__dual__B1S4096F1D3840__bfloat16__rms__affW__sc11D__shBSD,bfloat16,median_us,124.5999,94.1150,1.3239,,,,,,,80.4320,13.6830,,ion8-h200,0,NVIDIA H200,84e1108312,0689ba84b,r2-anchor-gated,12,100,python benchmark.py --host ion8-h200 --candidate-version r2-anchor-gated,h200_diffusion_cutedsl_norm_tanh_mul_add__multi_shape,alternating AB/BA; gpu_a=110.7840us gpu_b=80.4320us device_speedup_x=1.3774; symmetric harness path,/home/sglang-omni/bbuf/kda_runs/h200_diffusion_cutedsl_norm_tanh_mul_add__multi_shape/2026-06-04_16-05-34
2026-06-04T09:34:40.673153+00:00,candidate_vs_locked,production__single__B1S4128F1D3840__bfloat16__rms__affW__sc11D__shBSD,bfloat16,median_us,81.3956,56.4291,1.4424,56.4291,56.7148,1.6523,54.9220,55.4218,58.2961,40.8000,15.6291,2331.5,ion8-h200,0,NVIDIA H200,84e1108312,0689ba84b,r2-anchor-gated,25,100,python benchmark.py --host ion8-h200 --candidate-version r2-anchor-gated,h200_diffusion_cutedsl_norm_tanh_mul_add__multi_shape,device_speedup_x=1.6173 (locked gpu 65.984us),/home/sglang-omni/bbuf/kda_runs/h200_diffusion_cutedsl_norm_tanh_mul_add__multi_shape/2026-06-04_16-05-34
2026-06-04T09:34:40.690938+00:00,baseline_seq_rerun,production__single__B1S4128F1D3840__bfloat16__rms__affW__sc11D__shBSD,bfloat16,median_us,82.3920,,,82.3920,83.5081,3.2209,80.3191,80.9699,88.5620,67.1520,15.2400,,ion8-h200,0,NVIDIA H200,84e1108312,0689ba84b,baseline(vendored-pin),25,100,python benchmark.py --host ion8-h200 --candidate-version r2-anchor-gated,h200_diffusion_cutedsl_norm_tanh_mul_add__multi_shape,drift_vs_locked=1.0122,/home/sglang-omni/bbuf/kda_runs/h200_diffusion_cutedsl_norm_tanh_mul_add__multi_shape/2026-06-04_16-05-34
2026-06-04T09:34:40.711189+00:00,interleaved_ab,production__single__B1S4128F1D3840__bfloat16__rms__affW__sc11D__shBSD,bfloat16,median_us,99.6330,75.0769,1.3271,,,,,,,61.9040,13.1729,,ion8-h200,0,NVIDIA H200,84e1108312,0689ba84b,r2-anchor-gated,12,100,python benchmark.py --host ion8-h200 --candidate-version r2-anchor-gated,h200_diffusion_cutedsl_norm_tanh_mul_add__multi_shape,alternating AB/BA; gpu_a=86.4000us gpu_b=61.9040us device_speedup_x=1.3957; symmetric harness path,/home/sglang-omni/bbuf/kda_runs/h200_diffusion_cutedsl_norm_tanh_mul_add__multi_shape/2026-06-04_16-05-34
2026-06-04T09:34:40.726650+00:00,candidate_vs_locked,production__dual__B1S4128F1D3840__bfloat16__rms__affW__sc11D__shBSD,bfloat16,median_us,107.7240,75.2920,1.4308,75.2920,75.9989,3.5122,73.5389,74.0499,77.4350,47.6480,27.6440,2662.1,ion8-h200,0,NVIDIA H200,84e1108312,0689ba84b,r2-anchor-gated,25,100,python benchmark.py --host ion8-h200 --candidate-version r2-anchor-gated,h200_diffusion_cutedsl_norm_tanh_mul_add__multi_shape,device_speedup_x=1.6279 (locked gpu 77.568us),/home/sglang-omni/bbuf/kda_runs/h200_diffusion_cutedsl_norm_tanh_mul_add__multi_shape/2026-06-04_16-05-34
2026-06-04T09:34:40.748602+00:00,baseline_seq_rerun,production__dual__B1S4128F1D3840__bfloat16__rms__affW__sc11D__shBSD,bfloat16,median_us,108.6969,,,108.6969,109.9301,3.4518,106.0981,107.2490,114.3201,78.6560,30.0409,,ion8-h200,0,NVIDIA H200,84e1108312,0689ba84b,baseline(vendored-pin),25,100,python benchmark.py --host ion8-h200 --candidate-version r2-anchor-gated,h200_diffusion_cutedsl_norm_tanh_mul_add__multi_shape,drift_vs_locked=1.0090,/home/sglang-omni/bbuf/kda_runs/h200_diffusion_cutedsl_norm_tanh_mul_add__multi_shape/2026-06-04_16-05-34
2026-06-04T09:34:40.773575+00:00,interleaved_ab,production__dual__B1S4128F1D3840__bfloat16__rms__affW__sc11D__shBSD,bfloat16,median_us,125.2561,94.0441,1.3319,,,,,,,80.4960,13.5481,,ion8-h200,0,NVIDIA H200,84e1108312,0689ba84b,r2-anchor-gated,12,100,python benchmark.py --host ion8-h200 --candidate-version r2-anchor-gated,h200_diffusion_cutedsl_norm_tanh_mul_add__multi_shape,alternating AB/BA; gpu_a=111.3280us gpu_b=80.4960us device_speedup_x=1.3830; symmetric harness path,/home/sglang-omni/bbuf/kda_runs/h200_diffusion_cutedsl_norm_tanh_mul_add__multi_shape/2026-06-04_16-05-34
2026-06-04T09:34:40.773638+00:00,geomean,all_production_shapes,,geomean_speedup_x,,,1.4463,,,,,,,,,,ion8-h200,0,NVIDIA H200,84e1108312,0689ba84b,r2-anchor-gated,,,python benchmark.py --host ion8-h200 --candidate-version r2-anchor-gated,h200_diffusion_cutedsl_norm_tanh_mul_add__multi_shape,interleaved_ab_geomean=1.3253,/home/sglang-omni/bbuf/kda_runs/h200_diffusion_cutedsl_norm_tanh_mul_add__multi_shape/2026-06-04_16-05-34
2026-06-04T10:02:44.000278+00:00,candidate_vs_locked,production__single__B1S4096F1D3840__bfloat16__rms__affW__sc11D__shBSD,bfloat16,median_us,82.3570,56.7746,1.4506,56.7746,57.4116,2.5097,55.4931,55.8831,58.8971,42.5600,14.2146,2217.7,ion8-h200,0,NVIDIA H200,84e1108312,0689ba84b,r3-dual-tp,25,100,python benchmark.py --host ion8-h200 --candidate-version r3-dual-tp,h200_diffusion_cutedsl_norm_tanh_mul_add__multi_shape,device_speedup_x=1.5504 (locked gpu 65.984us),/home/sglang-omni/bbuf/kda_runs/h200_diffusion_cutedsl_norm_tanh_mul_add__multi_shape/2026-06-04_16-05-34
2026-06-04T10:02:44.507823+00:00,baseline_seq_rerun,production__single__B1S4096F1D3840__bfloat16__rms__affW__sc11D__shBSD,bfloat16,median_us,83.5289,,,83.5289,84.3269,2.5297,81.8220,82.5732,87.5802,68.0320,15.4969,,ion8-h200,0,NVIDIA H200,84e1108312,0689ba84b,baseline(vendored-pin),25,100,python benchmark.py --host ion8-h200 --candidate-version r3-dual-tp,h200_diffusion_cutedsl_norm_tanh_mul_add__multi_shape,drift_vs_locked=1.0142,/home/sglang-omni/bbuf/kda_runs/h200_diffusion_cutedsl_norm_tanh_mul_add__multi_shape/2026-06-04_16-05-34
2026-06-04T10:02:44.528277+00:00,interleaved_ab,production__single__B1S4096F1D3840__bfloat16__rms__affW__sc11D__shBSD,bfloat16,median_us,99.5380,76.0431,1.3090,,,,,,,62.6400,13.4031,,ion8-h200,0,NVIDIA H200,84e1108312,0689ba84b,r3-dual-tp,12,100,python benchmark.py --host ion8-h200 --candidate-version r3-dual-tp,h200_diffusion_cutedsl_norm_tanh_mul_add__multi_shape,alternating AB/BA; gpu_a=86.1120us gpu_b=62.6400us device_speedup_x=1.3747; symmetric harness path,/home/sglang-omni/bbuf/kda_runs/h200_diffusion_cutedsl_norm_tanh_mul_add__multi_shape/2026-06-04_16-05-34
2026-06-04T10:02:44.549137+00:00,candidate_vs_locked,production__dual__B1S4096F1D3840__bfloat16__rms__affW__sc11D__shBSD,bfloat16,median_us,106.8035,77.0346,1.3864,77.0346,77.5536,2.4649,75.2220,75.8232,79.1571,56.2880,20.7466,2236.0,ion8-h200,0,NVIDIA H200,84e1108312,0689ba84b,r3-dual-tp,25,100,python benchmark.py --host ion8-h200 --candidate-version r3-dual-tp,h200_diffusion_cutedsl_norm_tanh_mul_add__multi_shape,device_speedup_x=1.3820 (locked gpu 77.792us),/home/sglang-omni/bbuf/kda_runs/h200_diffusion_cutedsl_norm_tanh_mul_add__multi_shape/2026-06-04_16-05-34
2026-06-04T10:02:45.069210+00:00,baseline_seq_rerun,production__dual__B1S4096F1D3840__bfloat16__rms__affW__sc11D__shBSD,bfloat16,median_us,109.2926,,,109.2926,110.3600,3.3450,106.6690,107.7000,115.3210,79.8240,29.4686,,ion8-h200,0,NVIDIA H200,84e1108312,0689ba84b,baseline(vendored-pin),25,100,python benchmark.py --host ion8-h200 --candidate-version r3-dual-tp,h200_diffusion_cutedsl_norm_tanh_mul_add__multi_shape,drift_vs_locked=1.0233,/home/sglang-omni/bbuf/kda_runs/h200_diffusion_cutedsl_norm_tanh_mul_add__multi_shape/2026-06-04_16-05-34
2026-06-04T10:02:45.095512+00:00,interleaved_ab,production__dual__B1S4096F1D3840__bfloat16__rms__affW__sc11D__shBSD,bfloat16,median_us,126.8984,96.9990,1.3082,,,,,,,83.2640,13.7350,,ion8-h200,0,NVIDIA H200,84e1108312,0689ba84b,r3-dual-tp,12,100,python benchmark.py --host ion8-h200 --candidate-version r3-dual-tp,h200_diffusion_cutedsl_norm_tanh_mul_add__multi_shape,alternating AB/BA; gpu_a=112.8480us gpu_b=83.2640us device_speedup_x=1.3553; symmetric harness path,/home/sglang-omni/bbuf/kda_runs/h200_diffusion_cutedsl_norm_tanh_mul_add__multi_shape/2026-06-04_16-05-34
2026-06-04T10:02:45.108307+00:00,candidate_vs_locked,production__single__B1S4128F1D3840__bfloat16__rms__affW__sc11D__shBSD,bfloat16,median_us,81.3956,56.7841,1.4334,56.7841,57.2136,1.7506,55.3930,55.9231,58.5669,41.9040,14.8801,2270.1,ion8-h200,0,NVIDIA H200,84e1108312,0689ba84b,r3-dual-tp,25,100,python benchmark.py --host ion8-h200 --candidate-version r3-dual-tp,h200_diffusion_cutedsl_norm_tanh_mul_add__multi_shape,device_speedup_x=1.5746 (locked gpu 65.984us),/home/sglang-omni/bbuf/kda_runs/h200_diffusion_cutedsl_norm_tanh_mul_add__multi_shape/2026-06-04_16-05-34
2026-06-04T10:02:45.126394+00:00,baseline_seq_rerun,production__single__B1S4128F1D3840__bfloat16__rms__affW__sc11D__shBSD,bfloat16,median_us,83.3236,,,83.3236,84.5141,3.0326,81.7310,82.2919,88.4710,68.8800,14.4436,,ion8-h200,0,NVIDIA H200,84e1108312,0689ba84b,baseline(vendored-pin),25,100,python benchmark.py --host ion8-h200 --candidate-version r3-dual-tp,h200_diffusion_cutedsl_norm_tanh_mul_add__multi_shape,drift_vs_locked=1.0237,/home/sglang-omni/bbuf/kda_runs/h200_diffusion_cutedsl_norm_tanh_mul_add__multi_shape/2026-06-04_16-05-34
2026-06-04T10:02:45.146828+00:00,interleaved_ab,production__single__B1S4128F1D3840__bfloat16__rms__affW__sc11D__shBSD,bfloat16,median_us,99.7030,76.0630,1.3108,,,,,,,62.8640,13.1990,,ion8-h200,0,NVIDIA H200,84e1108312,0689ba84b,r3-dual-tp,12,100,python benchmark.py --host ion8-h200 --candidate-version r3-dual-tp,h200_diffusion_cutedsl_norm_tanh_mul_add__multi_shape,alternating AB/BA; gpu_a=86.4480us gpu_b=62.8640us device_speedup_x=1.3752; symmetric harness path,/home/sglang-omni/bbuf/kda_runs/h200_diffusion_cutedsl_norm_tanh_mul_add__multi_shape/2026-06-04_16-05-34
2026-06-04T10:02:45.163359+00:00,candidate_vs_locked,production__dual__B1S4128F1D3840__bfloat16__rms__affW__sc11D__shBSD,bfloat16,median_us,107.7240,77.5800,1.3886,77.5800,78.1120,2.1951,75.9619,76.5231,79.4879,56.4320,21.1480,2247.7,ion8-h200,0,NVIDIA H200,84e1108312,0689ba84b,r3-dual-tp,25,100,python benchmark.py --host ion8-h200 --candidate-version r3-dual-tp,h200_diffusion_cutedsl_norm_tanh_mul_add__multi_shape,device_speedup_x=1.3745 (locked gpu 77.568us),/home/sglang-omni/bbuf/kda_runs/h200_diffusion_cutedsl_norm_tanh_mul_add__multi_shape/2026-06-04_16-05-34
2026-06-04T10:02:45.185703+00:00,baseline_seq_rerun,production__dual__B1S4128F1D3840__bfloat16__rms__affW__sc11D__shBSD,bfloat16,median_us,109.8281,,,109.8281,111.6310,5.1485,107.6201,108.0800,117.7450,80.4000,29.4281,,ion8-h200,0,NVIDIA H200,84e1108312,0689ba84b,baseline(vendored-pin),25,100,python benchmark.py --host ion8-h200 --candidate-version r3-dual-tp,h200_diffusion_cutedsl_norm_tanh_mul_add__multi_shape,drift_vs_locked=1.0195,/home/sglang-omni/bbuf/kda_runs/h200_diffusion_cutedsl_norm_tanh_mul_add__multi_shape/2026-06-04_16-05-34
2026-06-04T10:02:45.211394+00:00,interleaved_ab,production__dual__B1S4128F1D3840__bfloat16__rms__affW__sc11D__shBSD,bfloat16,median_us,127.5894,96.5880,1.3210,,,,,,,83.0560,13.5320,,ion8-h200,0,NVIDIA H200,84e1108312,0689ba84b,r3-dual-tp,12,100,python benchmark.py --host ion8-h200 --candidate-version r3-dual-tp,h200_diffusion_cutedsl_norm_tanh_mul_add__multi_shape,alternating AB/BA; gpu_a=113.6160us gpu_b=83.0560us device_speedup_x=1.3679; symmetric harness path,/home/sglang-omni/bbuf/kda_runs/h200_diffusion_cutedsl_norm_tanh_mul_add__multi_shape/2026-06-04_16-05-34
2026-06-04T10:02:45.211449+00:00,geomean,all_production_shapes,,geomean_speedup_x,,,1.4145,,,,,,,,,,ion8-h200,0,NVIDIA H200,84e1108312,0689ba84b,r3-dual-tp,,,python benchmark.py --host ion8-h200 --candidate-version r3-dual-tp,h200_diffusion_cutedsl_norm_tanh_mul_add__multi_shape,interleaved_ab_geomean=1.3122,/home/sglang-omni/bbuf/kda_runs/h200_diffusion_cutedsl_norm_tanh_mul_add__multi_shape/2026-06-04_16-05-34
2026-06-04T10:03:15.362205+00:00,candidate_vs_locked,production__single__B1S4096F1D3840__bfloat16__rms__affW__sc11D__shBSD,bfloat16,median_us,82.3570,56.3785,1.4608,56.3785,56.7901,2.0987,54.4901,55.3019,58.7068,41.9520,14.4265,2249.9,ion8-h200,0,NVIDIA H200,84e1108312,0689ba84b,r3-anchor-control,25,100,python benchmark.py --host ion8-h200 --candidate-version r3-anchor-control,h200_diffusion_cutedsl_norm_tanh_mul_add__multi_shape,device_speedup_x=1.5728 (locked gpu 65.984us),/home/sglang-omni/bbuf/kda_runs/h200_diffusion_cutedsl_norm_tanh_mul_add__multi_shape/2026-06-04_16-05-34
2026-06-04T10:03:15.860793+00:00,baseline_seq_rerun,production__single__B1S4096F1D3840__bfloat16__rms__affW__sc11D__shBSD,bfloat16,median_us,83.2285,,,83.2285,83.8011,3.3515,80.0788,81.1901,87.2700,67.0240,16.2045,,ion8-h200,0,NVIDIA H200,84e1108312,0689ba84b,baseline(vendored-pin),25,100,python benchmark.py --host ion8-h200 --candidate-version r3-anchor-control,h200_diffusion_cutedsl_norm_tanh_mul_add__multi_shape,drift_vs_locked=1.0106,/home/sglang-omni/bbuf/kda_runs/h200_diffusion_cutedsl_norm_tanh_mul_add__multi_shape/2026-06-04_16-05-34
2026-06-04T10:03:15.880912+00:00,interleaved_ab,production__single__B1S4096F1D3840__bfloat16__rms__affW__sc11D__shBSD,bfloat16,median_us,98.2560,74.5500,1.3180,,,,,,,61.2960,13.2540,,ion8-h200,0,NVIDIA H200,84e1108312,0689ba84b,r3-anchor-control,12,100,python benchmark.py --host ion8-h200 --candidate-version r3-anchor-control,h200_diffusion_cutedsl_norm_tanh_mul_add__multi_shape,alternating AB/BA; gpu_a=85.0560us gpu_b=61.2960us device_speedup_x=1.3876; symmetric harness path,/home/sglang-omni/bbuf/kda_runs/h200_diffusion_cutedsl_norm_tanh_mul_add__multi_shape/2026-06-04_16-05-34
2026-06-04T10:03:15.923475+00:00,candidate_vs_locked,production__dual__B1S4096F1D3840__bfloat16__rms__affW__sc11D__shBSD,bfloat16,median_us,106.8035,73.0834,1.4614,73.0834,73.5425,2.1270,71.1160,71.9170,75.7230,47.4400,25.6434,2653.0,ion8-h200,0,NVIDIA H200,84e1108312,0689ba84b,r3-anchor-control,25,100,python benchmark.py --host ion8-h200 --candidate-version r3-anchor-control,h200_diffusion_cutedsl_norm_tanh_mul_add__multi_shape,device_speedup_x=1.6398 (locked gpu 77.792us),/home/sglang-omni/bbuf/kda_runs/h200_diffusion_cutedsl_norm_tanh_mul_add__multi_shape/2026-06-04_16-05-34
2026-06-04T10:03:16.444527+00:00,baseline_seq_rerun,production__dual__B1S4096F1D3840__bfloat16__rms__affW__sc11D__shBSD,bfloat16,median_us,108.0155,,,108.0155,109.0231,3.0368,105.2660,106.1780,113.4381,78.1120,29.9035,,ion8-h200,0,NVIDIA H200,84e1108312,0689ba84b,baseline(vendored-pin),25,100,python benchmark.py --host ion8-h200 --candidate-version r3-anchor-control,h200_diffusion_cutedsl_norm_tanh_mul_add__multi_shape,drift_vs_locked=1.0113,/home/sglang-omni/bbuf/kda_runs/h200_diffusion_cutedsl_norm_tanh_mul_add__multi_shape/2026-06-04_16-05-34
2026-06-04T10:03:16.469796+00:00,interleaved_ab,production__dual__B1S4096F1D3840__bfloat16__rms__affW__sc11D__shBSD,bfloat16,median_us,123.9589,91.9360,1.3483,,,,,,,78.4640,13.4720,,ion8-h200,0,NVIDIA H200,84e1108312,0689ba84b,r3-anchor-control,12,100,python benchmark.py --host ion8-h200 --candidate-version r3-anchor-control,h200_diffusion_cutedsl_norm_tanh_mul_add__multi_shape,alternating AB/BA; gpu_a=110.2720us gpu_b=78.4640us device_speedup_x=1.4054; symmetric harness path,/home/sglang-omni/bbuf/kda_runs/h200_diffusion_cutedsl_norm_tanh_mul_add__multi_shape/2026-06-04_16-05-34
2026-06-04T10:03:16.489706+00:00,candidate_vs_locked,production__single__B1S4128F1D3840__bfloat16__rms__affW__sc11D__shBSD,bfloat16,median_us,81.3956,55.9737,1.4542,55.9737,56.4146,1.7615,54.6710,55.1320,57.4852,41.0400,14.9337,2317.8,ion8-h200,0,NVIDIA H200,84e1108312,0689ba84b,r3-anchor-control,25,100,python benchmark.py --host ion8-h200 --candidate-version r3-anchor-control,h200_diffusion_cutedsl_norm_tanh_mul_add__multi_shape,device_speedup_x=1.6078 (locked gpu 65.984us),/home/sglang-omni/bbuf/kda_runs/h200_diffusion_cutedsl_norm_tanh_mul_add__multi_shape/2026-06-04_16-05-34
2026-06-04T10:03:16.507614+00:00,baseline_seq_rerun,production__single__B1S4128F1D3840__bfloat16__rms__affW__sc11D__shBSD,bfloat16,median_us,82.4480,,,82.4480,83.6112,3.0681,80.6900,81.4111,88.5818,67.2000,15.2480,,ion8-h200,0,NVIDIA H200,84e1108312,0689ba84b,baseline(vendored-pin),25,100,python benchmark.py --host ion8-h200 --candidate-version r3-anchor-control,h200_diffusion_cutedsl_norm_tanh_mul_add__multi_shape,drift_vs_locked=1.0129,/home/sglang-omni/bbuf/kda_runs/h200_diffusion_cutedsl_norm_tanh_mul_add__multi_shape/2026-06-04_16-05-34
2026-06-04T10:03:16.527764+00:00,interleaved_ab,production__single__B1S4128F1D3840__bfloat16__rms__affW__sc11D__shBSD,bfloat16,median_us,98.5609,74.8460,1.3169,,,,,,,61.6960,13.1500,,ion8-h200,0,NVIDIA H200,84e1108312,0689ba84b,r3-anchor-control,12,100,python benchmark.py --host ion8-h200 --candidate-version r3-anchor-control,h200_diffusion_cutedsl_norm_tanh_mul_add__multi_shape,alternating AB/BA; gpu_a=85.2640us gpu_b=61.6960us device_speedup_x=1.3820; symmetric harness path,/home/sglang-omni/bbuf/kda_runs/h200_diffusion_cutedsl_norm_tanh_mul_add__multi_shape/2026-06-04_16-05-34
2026-06-04T10:03:16.558009+00:00,candidate_vs_locked,production__dual__B1S4128F1D3840__bfloat16__rms__affW__sc11D__shBSD,bfloat16,median_us,107.7240,72.8479,1.4788,72.8479,73.3817,1.9160,71.1060,72.0071,75.0511,48.1280,24.7199,2635.5,ion8-h200,0,NVIDIA H200,84e1108312,0689ba84b,r3-anchor-control,25,100,python benchmark.py --host ion8-h200 --candidate-version r3-anchor-control,h200_diffusion_cutedsl_norm_tanh_mul_add__multi_shape,device_speedup_x=1.6117 (locked gpu 77.568us),/home/sglang-omni/bbuf/kda_runs/h200_diffusion_cutedsl_norm_tanh_mul_add__multi_shape/2026-06-04_16-05-34
2026-06-04T10:03:16.579923+00:00,baseline_seq_rerun,production__dual__B1S4128F1D3840__bfloat16__rms__affW__sc11D__shBSD,bfloat16,median_us,108.6164,,,108.6164,109.5926,3.3773,105.9368,106.7279,113.7690,78.2560,30.3604,,ion8-h200,0,NVIDIA H200,84e1108312,0689ba84b,baseline(vendored-pin),25,100,python benchmark.py --host ion8-h200 --candidate-version r3-anchor-control,h200_diffusion_cutedsl_norm_tanh_mul_add__multi_shape,drift_vs_locked=1.0083,/home/sglang-omni/bbuf/kda_runs/h200_diffusion_cutedsl_norm_tanh_mul_add__multi_shape/2026-06-04_16-05-34
2026-06-04T10:03:16.604741+00:00,interleaved_ab,production__dual__B1S4128F1D3840__bfloat16__rms__affW__sc11D__shBSD,bfloat16,median_us,124.5900,92.7871,1.3428,,,,,,,79.2640,13.5231,,ion8-h200,0,NVIDIA H200,84e1108312,0689ba84b,r3-anchor-control,12,100,python benchmark.py --host ion8-h200 --candidate-version r3-anchor-control,h200_diffusion_cutedsl_norm_tanh_mul_add__multi_shape,alternating AB/BA; gpu_a=110.8160us gpu_b=79.2640us device_speedup_x=1.3981; symmetric harness path,/home/sglang-omni/bbuf/kda_runs/h200_diffusion_cutedsl_norm_tanh_mul_add__multi_shape/2026-06-04_16-05-34
2026-06-04T10:03:16.604796+00:00,geomean,all_production_shapes,,geomean_speedup_x,,,1.4637,,,,,,,,,,ion8-h200,0,NVIDIA H200,84e1108312,0689ba84b,r3-anchor-control,,,python benchmark.py --host ion8-h200 --candidate-version r3-anchor-control,h200_diffusion_cutedsl_norm_tanh_mul_add__multi_shape,interleaved_ab_geomean=1.3314,/home/sglang-omni/bbuf/kda_runs/h200_diffusion_cutedsl_norm_tanh_mul_add__multi_shape/2026-06-04_16-05-34
2026-06-04T10:30:00+00:00,wave2_selection_device,production__B1S4096F1D3840__bfloat16__rms,bfloat16,gpu_median_us_interleaved,35.648,36.064,0.9885,,,,,,,,,,ion8-h200,0,NVIDIA H200,84e1108312,0689ba84b,r3-wave2-s_tp,20,100,CUDA_VISIBLE_DEVICES=0 python wave2_sweep.py,h200_diffusion_cutedsl_norm_tanh_mul_add__multi_shape,"SELECTION-ONLY device-level interleaved vs in-module anchor (raw jit calls, no custom-op layer); promotion-relevant numbers come from benchmark.py rows; log: remote logs/wave2_sweep.log",/home/sglang-omni/bbuf/kda_runs/h200_diffusion_cutedsl_norm_tanh_mul_add__multi_shape/2026-06-04_16-05-34
2026-06-04T10:30:00+00:00,wave2_selection_device,production__B1S4096F1D3840__bfloat16__rms,bfloat16,gpu_median_us_interleaved,35.472,35.600,0.9964,,,,,,,,,,ion8-h200,0,NVIDIA H200,84e1108312,0689ba84b,r3-wave2-s_ts,20,100,CUDA_VISIBLE_DEVICES=0 python wave2_sweep.py,h200_diffusion_cutedsl_norm_tanh_mul_add__multi_shape,"SELECTION-ONLY device-level interleaved vs in-module anchor (raw jit calls, no custom-op layer); promotion-relevant numbers come from benchmark.py rows; log: remote logs/wave2_sweep.log",/home/sglang-omni/bbuf/kda_runs/h200_diffusion_cutedsl_norm_tanh_mul_add__multi_shape/2026-06-04_16-05-34
2026-06-04T10:30:00+00:00,wave2_selection_device,production__B1S4096F1D3840__bfloat16__rms,bfloat16,gpu_median_us_interleaved,35.440,36.000,0.9844,,,,,,,,,,ion8-h200,0,NVIDIA H200,84e1108312,0689ba84b,r3-wave2-s_tp_ts,20,100,CUDA_VISIBLE_DEVICES=0 python wave2_sweep.py,h200_diffusion_cutedsl_norm_tanh_mul_add__multi_shape,"SELECTION-ONLY device-level interleaved vs in-module anchor (raw jit calls, no custom-op layer); promotion-relevant numbers come from benchmark.py rows; log: remote logs/wave2_sweep.log",/home/sglang-omni/bbuf/kda_runs/h200_diffusion_cutedsl_norm_tanh_mul_add__multi_shape/2026-06-04_16-05-34
2026-06-04T10:30:00+00:00,wave2_selection_device,production__B1S4096F1D3840__bfloat16__rms,bfloat16,gpu_median_us_interleaved,48.368,48.432,0.9987,,,,,,,,,,ion8-h200,0,NVIDIA H200,84e1108312,0689ba84b,r3-wave2-d_lb,20,100,CUDA_VISIBLE_DEVICES=0 python wave2_sweep.py,h200_diffusion_cutedsl_norm_tanh_mul_add__multi_shape,"SELECTION-ONLY device-level interleaved vs in-module anchor (raw jit calls, no custom-op layer); promotion-relevant numbers come from benchmark.py rows; log: remote logs/wave2_sweep.log",/home/sglang-omni/bbuf/kda_runs/h200_diffusion_cutedsl_norm_tanh_mul_add__multi_shape/2026-06-04_16-05-34
2026-06-04T10:30:00+00:00,wave2_selection_device,production__B1S4096F1D3840__bfloat16__rms,bfloat16,gpu_median_us_interleaved,48.384,47.344,1.0220,,,,,,,,,,ion8-h200,0,NVIDIA H200,84e1108312,0689ba84b,r3-wave2-d_tp,20,100,CUDA_VISIBLE_DEVICES=0 python wave2_sweep.py,h200_diffusion_cutedsl_norm_tanh_mul_add__multi_shape,"SELECTION-ONLY device-level interleaved vs in-module anchor (raw jit calls, no custom-op layer); promotion-relevant numbers come from benchmark.py rows; log: remote logs/wave2_sweep.log",/home/sglang-omni/bbuf/kda_runs/h200_diffusion_cutedsl_norm_tanh_mul_add__multi_shape/2026-06-04_16-05-34
2026-06-04T10:30:00+00:00,wave2_selection_device,production__B1S4096F1D3840__bfloat16__rms,bfloat16,gpu_median_us_interleaved,48.192,48.384,0.9960,,,,,,,,,,ion8-h200,0,NVIDIA H200,84e1108312,0689ba84b,r3-wave2-d_ts,20,100,CUDA_VISIBLE_DEVICES=0 python wave2_sweep.py,h200_diffusion_cutedsl_norm_tanh_mul_add__multi_shape,"SELECTION-ONLY device-level interleaved vs in-module anchor (raw jit calls, no custom-op layer); promotion-relevant numbers come from benchmark.py rows; log: remote logs/wave2_sweep.log",/home/sglang-omni/bbuf/kda_runs/h200_diffusion_cutedsl_norm_tanh_mul_add__multi_shape/2026-06-04_16-05-34
2026-06-04T10:30:00+00:00,wave2_selection_device,production__B1S4096F1D3840__bfloat16__rms,bfloat16,gpu_median_us_interleaved,48.432,47.392,1.0219,,,,,,,,,,ion8-h200,0,NVIDIA H200,84e1108312,0689ba84b,r3-wave2-d_lb_tp,20,100,CUDA_VISIBLE_DEVICES=0 python wave2_sweep.py,h200_diffusion_cutedsl_norm_tanh_mul_add__multi_shape,"SELECTION-ONLY device-level interleaved vs in-module anchor (raw jit calls, no custom-op layer); promotion-relevant numbers come from benchmark.py rows; log: remote logs/wave2_sweep.log",/home/sglang-omni/bbuf/kda_runs/h200_diffusion_cutedsl_norm_tanh_mul_add__multi_shape/2026-06-04_16-05-34
2026-06-04T10:30:00+00:00,wave2_selection_device,production__B1S4096F1D3840__bfloat16__rms,bfloat16,gpu_median_us_interleaved,48.384,47.424,1.0202,,,,,,,,,,ion8-h200,0,NVIDIA H200,84e1108312,0689ba84b,r3-wave2-d_lb_tp_ts,20,100,CUDA_VISIBLE_DEVICES=0 python wave2_sweep.py,h200_diffusion_cutedsl_norm_tanh_mul_add__multi_shape,"SELECTION-ONLY device-level interleaved vs in-module anchor (raw jit calls, no custom-op layer); promotion-relevant numbers come from benchmark.py rows; log: remote logs/wave2_sweep.log",/home/sglang-omni/bbuf/kda_runs/h200_diffusion_cutedsl_norm_tanh_mul_add__multi_shape/2026-06-04_16-05-34
